Nombre,Equipo,Precio,Puntos,Partidos,Minutos,Goles,Asistencias,Asistencias sin Gol,Centros,Despejes,Remates,Tiros,Recuperaciones,Perdidas,Penaltis fallados,Goles en contra,Rojas,Paradas,Penaltis cometidos,Amarillas,Seguna Amarilla,Penaltis provocados,Penaltis parados,Goles en PP
Bellingham,Real Madrid,99.113.111,142,13,1025,11,2,1,1,6,24,18,59,136,0,8,0,0,0,1,0,0,0,0
Aleix García,Girona FC,72.562.139,130,14,1260,3,4,5,38,27,3,5,102,160,0,17,0,0,0,1,0,0,0,0
Iñaki Williams,Athletic Club,54.811.201,113,15,1233,6,3,6,12,13,21,22,70,235,0,16,0,0,0,2,0,0,0,0
Griezmann,Atlético de Madrid,85.589.829,112,13,1071,9,1,3,16,6,14,14,46,164,0,11,0,0,0,3,0,0,0,0
Isco,Real Betis,77.507.740,110,14,1144,2,2,7,33,2,28,15,68,245,0,15,0,0,0,4,0,0,0,0
sávio,Girona FC,70.553.292,108,14,1137,4,4,5,10,2,32,9,81,197,0,15,0,0,0,1,0,0,0,0
Kubo,Real Sociedad,67.921.009,105,14,970,5,2,7,14,1,16,10,52,162,0,12,0,0,0,0,0,0,0,0
Rodrygo,Real Madrid,61.745.345,105,14,969,5,4,2,7,1,28,16,36,129,1,9,0,0,0,0,0,1,0,0
Valverde,Real Madrid,66.847.159,103,14,1118,1,2,4,2,9,12,7,85,119,0,6,0,0,0,1,0,1,0,0
Dimitrievski,Rayo Vallecano,18.993.505,102,14,1260,0,0,0,0,13,1,0,114,183,0,18,0,55,0,1,0,0,1,0
Valles,UD Las Palmas,23.300.238€,101,13,1047,4,4,5,8,2,30,9,71,183,0,14,0,0,0,1,0,0,0,0
Gerard,Villarreal CF,59.534.227€,100,14,1260,0,0,0,0,12,0,0,180,240,0,18,0,48,1,2,0,0,1,0
David Soria,Getafe CF,22.317.581€,99,14,1144,5,3,5,10,12,19,20,63,217,0,15,0,0,0,2,0,0,0,0
Remiro,Real Sociedad,26.829.882€,97,14,1260,0,0,0,0,20,0,0,104,127,0,17,0,48,0,1,0,0,0,0
Gazzaniga,Girona FC,22.390.408€,94,14,801,1,4,4,23,4,1,10,55,87,0,8,0,0,0,2,0,0,0,0
Kroos,Real Madrid,47.421.229€,92,13,1045,2,2,2,3,13,6,7,72,139,0,5,0,0,0,1,0,0,0,0
Nico Williams,Athletic Club,67.608.305€,91,14,1260,0,0,0,0,11,0,0,121,112,0,25,0,67,1,1,0,0,0,0
Unai Simón,Athletic Club,21.845.398€,91,14,1085,8,1,1,5,10,14,16,32,127,0,13,0,0,0,2,0,1,0,0
Carvajal,Real Madrid,49.469.101€,90,13,1159,0,0,0,0,17,1,0,144,195,0,20,0,52,0,0,0,0,0,0
Jörgensen,Villarreal CF,16.927.665€,90,13,1170,0,0,0,0,7,0,0,80,35,0,13,0,32,0,1,0,0,0,0
Borja Mayoral,Getafe CF,24.693.328€,89,14,1170,0,0,0,0,6,0,0,123,182,0,17,0,46,0,2,0,0,1,0
Ledesma,Cádiz CF,18.451.626€,89,13,1170,0,0,1,0,5,1,0,103,125,0,16,0,40,0,2,0,0,0,0
Ter Stegen,FC Barcelona,28.301.245€,89,14,1053,4,1,3,0,6,24,12,77,137,0,13,0,0,0,1,0,0,0,0
Ayoze Pérez,Real Betis,44.290.879€,88,14,1235,2,0,1,17,26,7,5,106,185,0,17,0,0,0,2,0,0,0,0
Pepelu,Valencia CF,35.512.140€,87,14,1087,1,4,9,27,3,13,13,40,176,2,17,0,0,0,4,0,0,0,0
Yangel Herrera,Girona FC,47.952.703€,85,11,729,1,5,6,17,2,26,5,49,154,0,11,0,0,0,1,0,2,0,0
Aspas,RC Celta,39.721.690€,84,13,1170,0,0,0,0,9,1,0,81,82,0,12,0,33,0,1,0,0,0,0
Oblak,Atlético de Madrid,22.918.949€,84,13,1001,4,0,2,5,26,12,8,74,116,0,13,0,0,0,4,0,1,0,0
Gundogan,FC Barcelona,49.090.201€,84,13,1047,1,3,5,18,5,11,4,77,153,0,13,0,0,0,2,0,0,0,0
Lewandowski,FC Barcelona,71.119.326€,83,12,927,7,3,2,1,4,6,16,17,121,0,10,0,0,0,3,0,1,0,0
Dovbyk,Girona FC,39.670.275€,82,12,704,6,4,4,0,5,4,15,5,61,0,10,0,0,0,0,0,0,0,0
Mamardashvili,Valencia CF,13.248.664€,81,14,1260,0,0,0,0,11,0,0,105,157,0,18,0,36,1,1,0,0,1,0
Rakitić,Sevilla FC,30.792.712€,81,13,998,2,1,3,36,8,8,6,89,214,0,14,0,0,0,3,0,0,0,0
Zubimendi,Real Sociedad,34.015.356€,81,14,1157,2,1,1,0,24,3,4,97,116,0,15,0,0,0,2,0,0,0,0
Koundé,FC Barcelona,50.943.080€,80,13,846,1,1,1,5,37,6,4,56,73,0,9,0,0,0,0,0,0,0,0
Pezzella,Real Betis,23.278.289€,80,14,1140,0,0,0,0,68,2,2,96,103,0,11,0,0,0,3,0,0,0,0
Rioja,Deportivo Alavés,13.359.455€,78,14,1108,1,3,6,19,12,16,10,66,187,0,15,0,0,0,3,0,1,0,0
Witsel,Atlético de Madrid,29.628.561€,78,12,1010,1,0,1,0,37,0,2,66,63,0,9,0,0,0,0,0,0,0,0
Oyarzabal,Real Sociedad,33.474.798€,78,14,883,7,1,1,1,5,2,14,30,83,0,9,0,0,0,1,0,0,0,0
Hugo Duro,Valencia CF,23.703.098€,78,14,1140,6,2,3,0,7,7,13,36,105,0,16,0,0,0,1,0,1,0,0
Guruzeta,Athletic Club,26.824.398€,77,12,903,7,1,1,1,13,6,15,24,81,0,8,0,0,0,1,1,1,0,0
Morata,Atlético de Madrid,50.006.363€,77,13,937,5,2,2,16,0,33,16,40,185,0,26,0,0,0,5,0,1,0,0
Bryan,Granada CF,29.320.763€,76,13,1133,0,1,0,4,40,4,2,98,132,0,11,0,0,0,4,0,0,0,0
Hermoso,Atlético de Madrid,24.229.082€,76,14,1178,2,1,1,8,6,26,12,65,176,0,21,0,0,0,0,0,0,0,0
Bamba,RC Celta,18.214.246€,76,14,971,7,1,2,1,3,4,16,26,113,0,20,0,0,0,3,0,2,0,0
Budimir,C.A. Osasuna,17.047.578€,75,14,966,1,3,4,2,1,20,1,59,142,0,10,0,0,0,2,0,0,0,0
Fran Pérez,Valencia CF,15.133.163€,75,14,748,5,2,2,1,4,4,16,22,71,1,4,0,0,0,0,0,0,0,0
Joselu,Real Madrid,38.141.880€,75,14,873,6,0,0,1,9,8,13,46,128,0,9,0,0,1,1,0,0,0,0
Daley Blind,Girona FC,33.796.732€,74,14,1117,3,1,1,0,14,23,8,91,185,0,17,0,0,0,2,0,0,0,0
Guerra,Valencia CF,24.249.630€,74,14,1078,2,1,1,15,19,12,16,74,215,0,13,0,0,0,2,0,0,0,0
Isi,Rayo Vallecano,22.396.041€,73,14,1260,0,0,0,0,13,0,0,118,179,0,19,0,38,0,1,0,0,0,0
Sivera,Deportivo Alavés,6.772.401€,72,13,1085,2,3,4,11,6,12,9,65,169,0,16,0,0,0,5,0,1,0,0
Miguel Gutiérrez,Girona FC,25.151.105€,71,14,1152,2,0,0,3,6,13,4,107,161,0,11,0,0,1,4,0,0,0,0
Brais Méndez,Real Sociedad,40.089.464€,71,10,866,2,1,3,5,10,26,4,76,170,0,9,0,0,0,2,0,0,0,0
Sancet,Athletic Club,30.694.041€,70,13,1081,0,2,0,1,38,5,0,63,102,0,15,0,0,0,0,0,0,0,0
Kirian,UD Las Palmas,7.216.397€,70,13,1170,1,0,0,0,85,0,5,94,66,0,22,0,0,1,2,0,0,0,0
Joao Cancelo,FC Barcelona,39.765.962€,69,14,1258,0,1,0,0,59,1,8,89,147,0,18,0,0,0,4,0,0,0,1
Starfelt,RC Celta,8.863.096€,69,13,986,1,0,1,0,24,8,4,98,78,0,10,0,0,1,5,0,0,0,0
Tsygankov,Girona FC,29.816.876€,69,12,887,1,5,6,22,1,5,10,52,167,0,20,1,0,0,4,0,0,0,0
Lejeune,Rayo Vallecano,17.969.498€,69,13,979,6,1,2,0,13,14,11,22,127,0,19,0,0,0,1,0,1,0,0
Guido Rodríguez,Real Betis,12.222.076€,69,10,900,0,0,0,0,7,0,0,57,56,0,7,0,24,0,1,0,0,0,0
Álex Baena,Villarreal CF,21.349.203€,68,14,1170,0,0,0,0,13,1,0,84,178,0,19,0,31,0,1,0,0,0,0
Sorloth,Villarreal CF,16.687.546€,68,14,1255,1,0,1,1,28,1,9,87,98,0,18,0,0,1,2,0,0,0,0
Arrizabalaga,Real Madrid,16.501.104€,68,10,709,4,1,3,0,0,29,8,19,158,0,3,0,0,0,2,0,0,0,0
Rajkovic,RCD Mallorca,7.561.122€,67,13,1052,0,1,5,11,29,10,1,77,125,0,13,0,0,0,3,0,0,0,0
Maksimovic,Getafe CF,10.466.548€,67,13,1120,0,0,2,2,43,1,0,51,85,0,8,0,0,0,6,0,0,0,0
Vinícius Jr,Real Madrid,58.587.282€,67,14,1081,4,0,1,0,5,17,13,41,137,0,14,0,0,0,1,0,0,0,0
Rüdiger,Real Madrid,34.474.505€,66,11,915,2,0,0,0,31,1,4,81,79,0,12,0,0,0,3,0,0,0,0
Larsen,RC Celta,14.759.923€,65,12,1040,0,0,0,0,46,10,0,86,103,0,10,0,0,0,2,1,0,0,0
David López,Girona FC,21.091.886€,65,14,813,3,1,2,3,2,20,10,51,179,0,10,0,0,0,0,0,0,0,0
Vesga,Athletic Club,16.295.083€,65,13,1120,4,1,3,11,10,4,6,50,155,0,16,0,0,0,5,0,1,0,0
Mika Marmol,UD Las Palmas,8.483.122€,65,14,809,2,4,6,1,2,17,9,60,148,0,22,0,0,0,4,0,1,0,0
Barrenetxea,Real Sociedad,27.203.978€,64,14,1134,1,1,0,9,11,11,2,89,125,0,22,0,0,0,2,0,0,0,0
Álvaro García,Rayo Vallecano,11.634.751€,64,13,1098,1,0,1,0,19,5,5,84,113,0,13,0,0,0,1,1,0,0,0
Ramazani,UD Almería,5.650.305€,64,13,751,0,0,0,3,8,15,1,77,88,0,6,0,0,0,3,0,0,0,0
Parejo,Villarreal CF,15.513.920€,64,13,730,1,2,3,1,3,17,13,41,123,0,8,0,0,0,2,0,0,0,0
Óscar Valentín,Rayo Vallecano,8.817.794€,63,12,796,3,2,2,1,0,13,7,47,136,0,6,1,0,0,0,1,0,0,0
Camavinga,Real Madrid,26.676.211€,63,11,844,1,0,0,2,13,4,3,53,73,0,4,0,0,0,2,0,0,0,0
Joao Félix,FC Barcelona,41.714.892€,63,12,766,0,3,5,21,3,10,0,51,128,0,14,0,0,0,1,0,0,0,0
Vivian,Athletic Club,17.473.138€,62,12,941,0,1,2,2,29,0,4,69,84,0,9,0,0,0,2,0,0,0,1
Tchouaméni,Real Madrid,16.809.938€,61,14,1094,0,2,1,3,19,9,0,100,171,0,15,0,0,0,4,0,0,0,0
Darder,RCD Mallorca,14.150.556€,61,12,751,2,1,2,2,18,0,4,64,111,0,11,0,0,0,1,0,0,0,0
Iván Martín,Girona FC,10.579.722€,61,11,705,2,2,4,9,6,7,6,37,100,0,8,0,0,1,0,0,0,0,0
Alaba,Real Madrid,35.989.766€,60,14,1259,1,0,0,0,76,3,4,106,188,0,24,0,0,0,4,0,1,0,0
Traoré,Real Sociedad,16.964.136€,60,14,1146,0,0,0,0,64,1,2,84,98,0,22,0,0,1,2,0,0,0,0
Unai Nuñez,RC Celta,6.931.895€,60,14,1155,0,0,1,0,46,3,3,110,112,0,17,0,0,0,2,0,0,0,0
David García,C.A. Osasuna,15.415.782€,60,13,649,0,4,6,3,20,5,3,38,80,0,6,0,0,0,2,0,0,0,0
Saúl,Atlético de Madrid,9.325.154€,60,14,980,1,0,0,3,27,7,2,96,130,0,16,0,0,1,2,0,0,0,0
Samu Costa,RCD Mallorca,3.628.973€,60,11,655,6,0,1,1,7,1,10,15,65,0,10,1,0,0,0,0,0,0,0
Willian José,Real Betis,8.585.879€,59,14,993,0,1,1,4,17,16,1,54,147,0,9,0,0,0,1,0,0,0,0
Álex Balde,FC Barcelona,27.879.779€,59,12,943,1,1,2,2,16,12,6,52,93,0,11,0,0,0,5,0,0,0,0
Gavi,FC Barcelona,24.012.680€,59,14,1025,5,0,3,2,4,7,14,30,78,0,26,0,0,0,1,0,0,0,0
Uzuni,Granada CF,3.308.687€,59,13,653,1,3,2,2,12,11,3,69,92,0,16,0,0,0,4,0,1,0,0
Gonzalo Villar,Granada CF,2.654.774€,59,14,1018,2,0,3,3,0,10,7,50,171,0,14,0,0,0,1,0,0,0,0
Diego López,Valencia CF,8.244.336€,59,11,473,2,2,4,2,6,9,6,32,70,0,2,0,0,0,1,0,0,0,0
Samuel Lino,Atlético de Madrid,17.233.047€,59,14,0,0,0,0,0,0,0,0,0,0,0,0,0,0,0,0,0,0,0,0
Ancelotti,Real Madrid,605.496€,58,14,980,0,0,0,0,8,0,0,99,151,0,18,0,20,0,2,0,0,1,0
Michel,Girona FC,497.379€,58,14,990,0,0,0,0,11,0,0,112,111,0,22,0,39,2,1,0,0,0,0
Sergio Herrera,C.A. Osasuna,5.600.971€,58,14,1103,0,0,2,4,33,7,1,112,217,0,12,0,0,0,4,0,0,0,0
André F.,Granada CF,1.514.702€,58,14,1222,1,0,0,3,18,12,2,113,200,0,17,0,0,0,4,0,0,0,0
Cardona,UD Las Palmas,3.808.852€,58,14,705,1,0,0,1,25,9,7,65,79,0,12,0,0,0,2,0,0,0,0
Guevara,Deportivo Alavés,2.341.339€,58,13,801,5,0,1,4,2,8,9,35,92,0,23,0,0,0,0,0,0,0,0
Pathé Ciss,Rayo Vallecano,4.048.474€,58,13,1059,4,2,4,1,14,3,16,33,166,2,18,0,0,0,0,0,0,0,0
Arribas,UD Almería,5.199.763€,58,13,893,3,0,0,1,7,8,5,45,83,0,11,0,0,1,3,0,0,0,0
Muriqi,RCD Mallorca,15.484.370€,57,12,942,1,0,2,10,19,4,1,69,152,0,13,0,0,0,1,0,0,0,0
Gayá,Valencia CF,16.520.588€,57,13,1164,1,1,1,0,51,3,2,78,113,0,20,1,0,1,4,0,0,0,0
Catena,C.A. Osasuna,7.579.941€,57,14,814,0,1,1,0,21,2,0,52,40,0,9,0,0,0,1,0,0,0,0
Christensen,FC Barcelona,13.403.810€,57,13,791,2,1,4,5,8,4,4,41,106,0,9,0,0,0,2,0,0,0,0
Marcos Llorente,Atlético de Madrid,12.241.039€,57,10,584,0,2,3,2,1,9,5,58,94,0,3,0,0,0,1,0,0,0,0
De Paul,Atlético de Madrid,18.000.687€,57,14,1156,1,1,2,0,2,12,3,78,164,0,20,0,0,0,2,0,0,0,0
Aimar Oroz,C.A. Osasuna,8.643.445€,57,13,1145,0,1,1,26,32,5,2,80,178,0,20,0,0,0,4,0,0,0,0
Javi Hernández,Cádiz CF,2.921.443€,57,11,613,1,1,4,19,0,14,7,36,121,0,14,0,0,0,2,0,0,0,0
Suso,Sevilla FC,4.422.081€,57,13,0,0,0,0,0,0,0,0,0,0,0,0,0,0,0,0,0,0,0,0
Munir,UD Las Palmas,3.113.185€,57,14,1046,1,1,1,2,5,9,5,46,139,1,7,0,0,0,2,0,0,0,0
Gastón,Getafe CF,4.004.679€,56,13,992,1,0,0,2,40,2,2,87,138,0,12,0,0,0,3,0,0,0,0
Álex Suárez,UD Las Palmas,8.077.400€,56,14,1108,0,0,0,1,42,4,0,65,107,0,11,0,0,1,2,0,0,0,0
Paredes,Athletic Club,11.319.753€,56,14,720,1,2,1,5,6,9,4,65,95,0,11,0,0,0,3,0,0,0,0
Unai López,Rayo Vallecano,1.149.304€,56,14,505,0,2,5,4,2,7,3,41,86,0,5,0,0,0,1,0,0,0,0
Modric,Real Madrid,10.782.579€,56,12,818,1,2,8,0,1,1,8,45,108,0,8,0,0,0,1,0,0,0,0
De Galarreta,Athletic Club,6.659.237€,56,12,823,2,1,1,0,7,3,4,59,105,0,12,0,0,0,1,0,0,0,0
Roger,Cádiz CF,1.911.004€,56,9,648,2,3,4,9,1,10,7,29,109,0,8,0,0,0,2,0,0,0,0
Marc Roca,Real Betis,13.315.997€,55,13,980,3,1,1,1,19,12,8,41,140,0,15,0,0,0,1,0,1,0,0
Greenwood,Getafe CF,11.353.688€,54,11,920,0,0,0,0,46,0,0,68,78,0,13,0,0,0,3,0,0,0,0
De Marcos,Athletic Club,14.695.060€,54,14,1125,0,0,0,0,55,0,0,74,95,0,18,0,0,0,2,0,0,0,0
Chris Ramos,Cádiz CF,3.473.022€,54,14,976,0,0,0,0,33,0,0,72,79,0,11,0,0,0,4,0,0,0,0
Gabriel Paulista,Valencia CF,6.821.962€,54,10,686,0,2,2,0,8,2,1,66,81,0,7,0,0,0,2,0,0,0,0
Valjent,RCD Mallorca,5.272.147€,54,11,749,0,4,3,5,13,2,6,68,114,0,17,0,0,0,4,0,0,0,0
Koke,Atlético de Madrid,14.577.653€,54,9,562,0,1,2,0,7,23,3,60,95,0,7,0,0,0,2,0,0,0,0
Robertone,UD Almería,5.495.650€,54,13,890,0,5,4,14,16,8,0,80,203,0,13,0,0,0,4,0,0,0,0
Barrios,Atlético de Madrid,7.083.575€,53,7,630,0,0,0,0,8,0,0,53,44,0,5,0,17,0,0,0,0,0,0
Diego Rico,Getafe CF,4.576.400€,53,11,934,1,3,3,15,9,4,2,66,157,0,15,0,0,0,3,0,0,0,0
Claudio Bravo,Real Betis,2.025.974€,53,14,956,1,0,0,0,34,1,1,58,86,0,14,0,0,1,4,0,0,0,1
Le Normand,Real Sociedad,14.658.901€,53,13,1022,0,2,0,5,18,11,2,103,191,0,14,0,0,1,1,0,0,0,0
Thierry Correia,Valencia CF,6.718.880€,53,14,1220,0,0,0,10,26,12,3,102,212,0,16,0,0,1,4,0,0,0,0
Espino,Rayo Vallecano,7.021.570€,53,14,544,0,3,3,3,11,4,0,63,77,0,7,0,0,0,1,0,0,0,0
Fran García,Real Madrid,9.630.692€,53,12,713,2,1,2,7,10,4,3,55,153,0,8,0,0,0,0,0,0,0,0
Nahuel Molina,Atlético de Madrid,19.082.022€,53,13,914,0,0,0,0,34,6,0,78,73,0,14,0,0,0,1,0,0,0,0
Cristhian,Valencia CF,2.458.851€,53,13,1011,0,3,2,2,4,6,0,60,114,0,14,0,0,0,1,0,0,0,0
Guridi,Deportivo Alavés,2.273.431€,53,14,1017,1,1,1,15,8,12,5,56,141,0,18,0,0,0,4,0,0,0,0
Dani Rodríguez,RCD Mallorca,4.040.039€,53,14,625,3,0,2,3,4,7,6,27,96,0,7,0,0,0,1,0,1,0,0
Berenguer,Athletic Club,2.811.238€,53,9,619,2,1,2,5,1,9,6,28,89,0,7,0,0,0,1,0,0,0,0
Ferran Torres,FC Barcelona,11.844.014€,52,12,948,1,0,0,0,42,1,1,65,66,0,14,0,0,1,2,0,0,0,0
Jonathan Viera,UD Las Palmas,7.291.337€,52,12,887,0,1,0,0,50,3,4,71,103,0,12,1,0,0,1,0,0,0,0
Sedlar,Deportivo Alavés,967.685€,52,12,831,0,1,1,1,17,10,1,82,152,0,8,0,0,0,4,0,0,0,0
Badé,Sevilla FC,11.675.825€,52,14,863,0,0,0,3,6,11,4,66,143,0,7,0,0,0,1,0,0,0,0
Mikel Merino,Real Sociedad,20.833.131€,52,13,0,0,0,0,0,0,0,0,0,0,0,0,0,0,0,0,0,0,0,0
Loiodice,UD Las Palmas,1.998.933€,51,14,916,0,1,1,8,17,18,2,82,191,0,15,0,0,0,2,0,0,0,0
Simeone,Atlético de Madrid,563.163€,51,14,877,0,1,0,0,14,8,4,67,104,0,17,0,0,0,3,0,1,0,0
Rubén Peña,C.A. Osasuna,3.544.548€,51,14,635,0,1,2,1,12,3,2,43,73,0,9,0,0,0,3,0,0,0,0
Arnau,Girona FC,9.569.140€,51,12,804,5,0,0,0,4,1,13,12,62,0,14,0,0,0,1,0,0,0,0
Capoue,Villarreal CF,3.767.624€,51,14,411,2,1,3,19,4,6,3,22,96,0,6,0,0,0,2,0,0,0,0
Oriol Romeu,FC Barcelona,8.399.746€,51,12,619,1,1,2,7,3,20,5,25,89,0,9,0,0,0,1,0,0,0,0
En-Nesyri,Sevilla FC,7.375.388€,50,11,841,1,0,2,8,8,9,1,62,133,0,9,0,0,0,4,0,0,0,0
Lamine Yamal,FC Barcelona,18.866.853€,50,13,967,1,1,2,9,5,18,9,69,229,0,16,0,0,0,4,0,0,0,0
Ocampos,Sevilla FC,5.466.453€,50,14,414,4,1,1,0,2,4,6,10,54,0,5,0,0,0,0,0,0,0,0
Abdón,RCD Mallorca,1.412.209€,49,10,883,1,1,1,2,31,17,3,62,129,0,16,0,0,0,1,0,0,0,0
Foyth,Villarreal CF,9.178.837€,49,10,620,2,1,0,1,0,19,7,18,95,0,7,0,0,0,0,0,0,0,0
Lukébakio,Sevilla FC,8.710.859€,48,14,740,0,1,2,5,24,2,1,39,97,0,9,0,0,0,3,0,0,0,0
Miranda,Real Betis,2.830.347€,48,13,665,0,1,5,0,15,0,2,54,89,0,8,0,0,0,1,0,0,0,0
Azpilicueta,Atlético de Madrid,5.464.363€,48,14,470,1,1,1,3,4,6,4,46,69,0,5,0,0,0,1,0,0,0,0
Antonio Sánchez,RCD Mallorca,1.193.101€,48,10,339,3,1,2,3,0,9,5,14,75,0,5,0,0,0,0,0,0,0,0
Correa,Atlético de Madrid,3.049.413€,48,15,0,0,0,0,0,0,0,0,0,0,0,0,0,0,0,0,0,0,0,0
Imanol Alguacil,Real Sociedad,521.861€,47,14,1025,0,1,2,9,26,7,2,67,201,0,14,0,0,0,2,0,0,0,0
Aihen,Real Sociedad,7.296.538€,47,13,1061,0,0,0,6,21,4,2,75,163,0,16,0,0,0,1,0,0,0,0
Balliu,Rayo Vallecano,4.166.551€,47,12,638,0,2,3,4,19,1,0,37,59,0,6,0,0,0,3,0,0,0,0
Kike García,Deportivo Alavés,1.509.174€,47,14,688,2,0,1,1,8,8,12,24,98,1,8,0,0,0,1,0,1,0,0
Chadi Riad,Real Betis,3.827.611€,47,10,744,0,0,0,0,40,0,1,48,43,0,10,0,0,0,0,0,0,0,0
Mojica,C.A. Osasuna,2.644.990€,46,13,669,0,1,4,13,4,5,2,81,148,0,13,0,0,0,0,0,0,0,0
Coco,UD Las Palmas,1.919.078€,46,14,756,1,0,0,0,38,0,4,57,60,0,9,0,0,0,2,0,0,0,0
De Jong,FC Barcelona,47.939.459€,46,7,576,1,0,1,2,7,8,2,51,65,0,6,0,0,0,3,0,0,0,0
Gudelj,Sevilla FC,3.190.687€,46,12,887,1,0,1,0,35,2,3,54,91,0,15,0,0,0,5,0,0,0,0
Machís,Cádiz CF,3.745.716€,46,12,547,3,0,0,9,2,4,7,41,91,0,10,1,0,0,0,0,0,0,0
Damián,Getafe CF,1.558.684€,46,13,1022,0,1,0,14,24,8,0,74,185,0,15,0,0,0,4,0,0,0,0
Yan Couto,Girona FC,6.527.390€,45,12,615,0,1,1,13,5,3,0,38,110,0,13,0,0,0,1,0,0,0,0
Moncayola,C.A. Osasuna,1.601.939€,45,14,418,2,0,1,8,4,5,5,30,77,0,12,0,0,0,0,0,0,0,0
Rubén García,C.A. Osasuna,2.301.894€,45,12,871,0,2,2,1,6,5,2,47,85,0,13,0,0,0,1,1,0,0,0
De La Torre,RC Celta,913.172€,45,12,829,0,0,0,1,9,11,1,75,78,0,24,0,0,0,0,0,0,0,0
Dion,UD Almería,1.009.775€,45,14,894,0,0,4,21,4,19,7,58,207,0,26,0,0,0,2,0,0,0,0
Embarba,UD Almería,1.510.702€,44,13,1083,0,0,0,0,39,2,0,77,127,0,15,0,0,0,6,0,0,0,0
Zubeldia,Real Sociedad,5.677.465€,44,12,638,1,2,1,20,3,2,5,30,124,0,11,2,0,0,2,0,0,0,0
Chimy Ávila,C.A. Osasuna,2.751.650€,44,10,816,3,2,0,0,15,24,5,40,145,0,21,1,0,0,3,0,0,0,0
Boyé,Granada CF,6.424.743€,43,9,653,1,0,0,0,31,2,3,49,57,0,9,0,0,0,4,0,0,0,0
Diakhaby,Valencia CF,5.840.555€,43,14,977,0,0,1,0,57,0,1,44,95,0,19,0,0,0,3,0,0,0,0
Albiol,Villarreal CF,2.571.819€,43,14,1180,1,1,2,12,15,10,5,81,235,0,24,0,0,1,1,0,0,0,0
Mingueza,RC Celta,2.333.771€,43,14,1215,0,1,1,0,55,4,2,89,121,0,33,0,0,0,3,0,0,0,0
Miquel,Granada CF,621.424€,43,13,474,2,1,2,4,2,11,9,22,79,0,9,0,0,0,1,0,0,0,0
Riquelme,Atlético de Madrid,5.675.331€,43,12,630,1,1,1,0,3,2,4,44,55,0,8,0,0,0,2,0,0,0,0
Sow,Sevilla FC,5.564.161€,43,13,0,0,0,0,0,0,0,0,0,0,0,0,0,0,0,0,0,0,0,0
Stuani,Girona FC,2.612.830€,43,13,990,0,0,0,0,10,0,0,78,133,0,28,0,36,0,1,0,0,1,0
Xavi,FC Barcelona,629.043€,43,10,519,4,0,2,0,2,10,10,15,69,0,9,0,0,0,2,0,0,0,0
Ernesto Valverde,Athletic Club,493.223€,42,9,582,1,1,1,4,12,2,2,38,87,0,5,0,0,0,1,0,0,0,0
Maximiano,UD Almería,1.751.614€,42,14,817,1,0,3,17,18,3,3,61,151,0,13,0,0,0,4,0,0,0,0
Samu,Deportivo Alavés,1.565.986€,42,14,996,0,0,0,1,9,7,1,75,91,0,19,0,0,0,2,0,0,0,0
Yuri,Athletic Club,5.613.818€,42,13,599,0,0,0,3,7,8,1,41,121,0,7,0,0,0,2,0,1,0,0
Duarte,Deportivo Alavés,4.252.922€,42,12,769,0,0,0,2,8,6,1,72,87,0,11,1,0,0,0,0,0,0,0
Eric García,Girona FC,5.680.238€,42,14,0,0,0,0,0,0,0,0,0,0,0,0,0,0,0,0,0,0,0,0
Fran Beltrán,RC Celta,1.623.058€,42,13,598,0,3,2,8,13,11,0,36,120,0,8,0,0,0,1,0,0,0,0
Trejo,Rayo Vallecano,1.258.384€,42,12,897,0,0,2,2,16,10,0,60,158,0,10,0,0,0,0,0,0,0,1
Blanco,Deportivo Alavés,817.202€,41,14,360,0,0,0,0,4,0,0,38,13,0,2,0,15,0,0,0,0,0,0
Manuel Pellegrini,Real Betis,513.910€,41,8,501,0,0,0,0,8,4,0,38,34,0,2,0,0,0,2,0,0,0,0
Javi López,Deportivo Alavés,546.786€,41,13,791,0,0,0,0,48,1,0,46,53,0,13,0,0,1,3,0,0,0,0
Bellerín,Real Betis,5.395.018€,41,13,994,0,0,0,4,30,2,2,56,109,0,15,0,0,0,0,0,0,0,0
Lunin,Real Madrid,2.132.419€,41,13,743,1,3,2,8,7,10,3,52,144,0,13,0,0,0,3,0,0,0,0
Mendy,Real Madrid,8.699.885€,41,11,698,1,0,0,3,3,6,4,56,96,0,12,0,0,0,1,0,0,0,0
Aridane,Rayo Vallecano,4.204.378€,41,13,440,3,1,1,0,7,1,7,8,36,0,6,0,0,0,4,0,0,0,0
Iza,Cádiz CF,1.697.824€,41,10,290,2,1,2,6,1,10,8,21,64,0,4,1,0,0,1,0,0,0,0
Moi Gómez,C.A. Osasuna,3.493.032€,41,8,694,4,0,1,1,6,7,13,16,65,0,19,0,0,0,1,0,0,0,0
Raphinha,FC Barcelona,11.340.119€,41,13,0,0,0,0,0,0,0,0,0,0,0,0,0,0,0,0,0,0,0,0
Luis Suárez,UD Almería,1.003.827€,40,14,1192,0,0,2,10,16,5,3,82,142,0,18,0,0,0,3,0,0,0,0
Gorosabel,Deportivo Alavés,1.266.837€,40,12,636,1,0,0,0,43,3,2,40,49,0,14,0,0,0,1,0,0,0,0
Cuenca,Villarreal CF,2.493.877€,40,13,1070,0,2,3,19,12,3,6,58,185,0,28,0,0,0,6,0,0,0,0
Gumbau,Granada CF,823.471€,40,12,993,0,0,0,1,14,4,1,80,106,0,13,0,0,0,6,0,0,0,0
Alcaraz,Cádiz CF,1.333.450€,40,14,899,0,1,0,5,8,4,2,48,118,0,10,0,0,1,1,0,0,0,0
Javi Muñoz,UD Las Palmas,545.356€,40,13,347,1,0,1,7,2,5,5,20,42,0,5,0,0,0,0,0,0,0,0
De Frutos,Rayo Vallecano,1.260.549€,39,13,835,0,0,0,0,9,0,0,77,103,0,15,1,27,2,0,0,0,1,0
Iván Villar,RC Celta,1.824.328€,39,12,861,0,0,0,5,20,6,0,79,99,0,12,0,0,0,5,1,0,0,0
Djené,Getafe CF,2.487.717€,39,10,571,1,0,1,1,10,3,4,37,68,0,6,0,0,0,0,0,0,0,0
Araújo,FC Barcelona,39.048.879€,39,14,922,2,0,1,15,17,7,3,63,130,0,23,0,0,0,4,0,0,0,0
Ricard,Granada CF,788.188€,39,14,845,0,0,0,0,12,1,2,81,106,0,14,0,0,0,3,0,0,0,0
Torró,C.A. Osasuna,1.599.044€,39,12,980,0,0,0,0,42,2,0,60,88,0,16,0,0,0,5,0,0,0,0
Fali,Cádiz CF,1.349.175€,38,14,694,2,0,1,0,13,4,7,12,122,0,10,0,0,0,3,0,1,0,0
Latasa,Getafe CF,644.272€,37,14,363,1,1,2,0,1,12,6,11,48,0,7,0,0,0,2,0,0,0,0
Sadiq,Real Sociedad,2.331.254€,37,10,474,0,1,2,5,2,6,1,34,84,0,5,0,0,0,1,0,0,0,0
Marvin,UD Las Palmas,554.231€,37,8,630,0,0,0,0,5,0,0,52,67,0,8,0,17,0,0,0,0,0,0
Nyland,Sevilla FC,1.889.597€,37,10,387,0,0,0,0,6,3,1,47,57,0,3,0,0,0,2,0,0,0,0
Máximo Perrone,UD Las Palmas,524.162€,36,12,739,1,0,0,0,18,1,2,39,55,0,13,0,0,0,2,0,0,0,0
Rodri,Real Betis,1.806.313€,36,14,520,0,0,0,5,1,11,4,28,97,0,6,0,0,0,0,0,0,0,0
Morales,Villarreal CF,741.573€,36,14,384,3,0,0,1,1,6,5,18,40,0,7,0,0,0,0,0,0,0,0
Akieme,UD Almería,1.735.237€,36,12,990,2,0,2,10,18,15,5,58,140,0,25,0,0,2,1,0,0,0,0
Areso,C.A. Osasuna,609.511€,35,14,822,0,1,1,9,16,10,1,56,134,0,17,0,0,0,1,0,0,0,0
Abqar,Deportivo Alavés,600.622€,35,13,989,0,0,0,0,52,2,1,61,90,0,16,0,0,2,3,0,0,0,1
Luiz Henrique,Real Betis,2.186.765€,35,8,292,0,2,3,3,2,11,1,18,54,0,5,0,0,0,1,0,0,0,0
Escalante,Cádiz CF,961.686€,35,11,691,0,2,1,0,14,0,0,52,73,0,12,1,0,0,0,0,0,0,0
Nacho,Real Madrid,1.875.574€,35,12,468,0,0,0,1,10,0,1,31,26,0,1,1,0,0,1,0,0,0,0
Rui Silva,Real Betis,4.361.471€,34,11,405,0,0,0,0,3,0,0,43,50,0,7,0,14,1,0,0,0,0,0
Mumin,Rayo Vallecano,814.729€,34,12,435,1,0,0,0,33,0,1,12,33,0,4,1,0,0,1,0,0,0,0
Pedri,FC Barcelona,54.155.984€,34,5,358,1,0,4,2,1,7,3,18,58,0,2,0,0,0,2,0,0,0,0
RDT,Rayo Vallecano,2.151.729€,34,13,555,0,2,2,0,5,10,3,16,72,0,8,0,0,0,3,0,0,0,0
Nastasic,RCD Mallorca,579.717€,34,11,810,0,0,0,0,39,0,0,46,65,0,14,0,0,0,3,0,0,0,0
Iñigo Martínez,FC Barcelona,9.478.809€,34,11,543,0,0,0,0,24,0,1,41,63,0,6,0,0,0,2,0,0,0,0
Lato,RCD Mallorca,813.705€,33,13,547,0,1,1,4,7,0,0,32,76,0,7,0,0,0,1,0,1,0,0
Pedrosa,Sevilla FC,816.638€,33,13,682,0,2,2,7,16,3,0,50,138,0,9,0,0,0,1,0,0,0,0
Baba,UD Almería,1.010.425€,33,14,827,0,0,1,2,11,7,1,86,83,0,31,0,0,1,3,0,0,0,0
A. Rebbach,Deportivo Alavés,481.566€,33,14,291,1,0,1,6,1,4,3,15,60,0,4,0,0,0,0,0,0,0,0
Carlos Fernández,Real Sociedad,527.193€,33,13,373,2,1,1,0,4,3,4,17,60,0,3,0,0,1,2,0,0,0,0
Rubén Baraja,Valencia CF,483.667€,33,14,0,0,0,0,0,0,0,0,0,0,0,0,0,0,0,0,0,0,0,0
Alderete,Getafe CF,1.059.029€,33,13,568,0,1,0,0,40,3,0,35,80,0,6,0,0,0,3,0,0,0,0
Fermin,FC Barcelona,5.126.213€,33,11,430,1,0,1,1,2,10,9,26,60,0,4,0,0,0,1,0,0,0,0
Manu Sánchez,RC Celta,939.845€,32,14,772,0,1,2,5,19,4,0,59,118,0,15,0,0,0,1,0,0,0,0
Álex Sola,Deportivo Alavés,579.724€,32,14,565,0,0,1,7,5,18,3,41,106,0,11,0,0,1,1,0,0,0,0
Almeida,Valencia CF,2.707.936€,32,8,484,0,1,1,3,1,7,2,19,66,0,6,0,0,0,0,0,0,0,0
Brahim,Real Madrid,3.335.477€,32,14,181,1,0,1,7,0,6,3,12,51,0,0,0,0,0,0,0,0,0,0
Callejon,Granada CF,1.026.876€,32,14,489,0,1,1,3,6,1,2,30,62,0,13,0,0,0,0,0,0,0,0
Jose Bordalas,Getafe CF,472.022€,32,13,0,0,0,0,0,0,0,0,0,0,0,0,0,0,0,0,0,0,0,0
Ianis Hagi,Deportivo Alavés,744.802€,32,10,412,0,1,1,10,3,4,5,16,68,1,6,0,0,0,2,0,0,0,0
Juan Iglesias,Getafe CF,637.049€,31,14,561,0,0,1,6,17,2,4,41,119,0,6,0,0,0,1,0,0,0,0
Óliver Torres,Sevilla FC,654.008€,31,11,559,0,0,1,5,0,3,2,45,85,0,7,0,0,0,3,0,0,0,0
Aleñá,Getafe CF,931.034€,31,14,563,1,1,1,6,5,2,4,37,77,0,12,0,0,0,4,0,0,0,0
Portu,Girona FC,876.010€,31,13,287,1,0,1,6,0,2,4,17,39,0,2,0,0,0,0,0,0,0,0
Jose Arnaiz,C.A. Osasuna,606.307€,31,14,0,0,0,0,0,0,0,0,0,0,0,0,0,0,0,0,0,0,0,0
Garcia Pimienta,UD Las Palmas,476.252€,30,10,596,0,0,0,0,19,2,0,48,66,0,7,0,0,0,2,0,0,0,0
Savic,Atlético de Madrid,5.992.505€,30,14,680,1,0,1,0,25,2,1,31,65,0,11,0,0,1,3,0,0,0,0
Mitrovic,Getafe CF,675.626€,30,14,1035,0,1,2,1,41,3,0,50,80,0,27,0,0,1,2,0,0,0,0
Chumi,UD Almería,477.674€,30,14,469,0,0,1,1,5,7,2,25,35,0,7,0,0,0,1,0,0,0,0
Turrientes,Real Sociedad,500.613€,30,5,231,1,1,0,2,1,12,1,9,37,0,4,0,0,0,0,0,0,0,0
Moleiro,UD Las Palmas,2.356.049€,30,9,374,0,1,1,0,3,15,4,25,66,0,4,0,0,0,2,1,0,0,0
Amallah,Valencia CF,1.213.402€,30,10,422,0,0,0,0,7,0,0,48,50,0,9,0,16,0,1,0,0,0,0
Guaita,RC Celta,1.836.450€,29,9,273,0,1,1,0,7,0,2,13,20,0,2,0,0,0,0,0,0,0,0
Aritz,Real Sociedad,636.197€,29,13,807,0,0,1,14,15,5,0,66,192,0,13,1,0,1,2,0,0,0,0
Navas,Sevilla FC,1.975.664€,29,9,602,0,2,2,9,7,4,1,43,90,0,12,1,0,0,2,0,0,0,0
Pedraza,Villarreal CF,2.619.716€,29,13,271,1,1,1,2,0,0,4,11,41,0,5,0,0,0,1,0,0,0,0
Marc,UD Las Palmas,530.527€,29,14,319,2,0,0,0,1,3,4,11,51,0,2,0,0,0,1,0,1,0,0
Abde,Real Betis,3.091.488€,29,13,368,1,0,0,1,0,11,2,14,85,0,5,0,0,0,0,0,0,0,0
Leo Baptistao,UD Almería,509.418€,29,12,502,2,0,0,0,7,1,6,24,88,0,13,0,0,0,3,0,0,0,0
Juanlu,Sevilla FC,579.696€,29,10,340,0,2,0,7,7,9,1,24,66,0,5,0,0,0,1,0,0,0,0
Carmona,Getafe CF,508.309€,28,10,482,1,1,0,2,5,2,2,36,71,0,9,0,0,0,3,0,0,0,0
Luis Hernández,Cádiz CF,965.508€,28,7,542,1,0,0,0,20,0,1,29,75,0,7,0,0,0,3,0,0,0,0
Gabbia,Villarreal CF,742.714€,28,13,478,0,0,0,0,36,0,0,26,35,0,10,0,0,0,2,0,0,0,0
Rafa Marín,Deportivo Alavés,532.919€,28,13,546,0,0,0,0,25,1,1,45,57,0,9,0,0,0,1,0,0,0,1
Morlanes,RCD Mallorca,620.350€,28,13,360,0,0,0,1,4,3,1,38,36,0,7,0,0,0,1,0,0,0,0
Bebé,Rayo Vallecano,524.783€,28,14,78,2,0,0,3,0,7,4,7,31,0,1,0,0,0,1,0,0,0,0
Rafa Mir,Sevilla FC,728.793€,28,13,189,1,0,0,1,0,2,6,9,31,0,0,0,0,0,1,0,0,0,0
Giménez,Atlético de Madrid,4.524.060€,27,8,365,0,0,0,0,25,2,0,17,35,0,4,0,0,0,2,0,0,0,0
Neva,Granada CF,545.356€,27,14,1211,0,1,4,10,30,0,0,71,175,0,30,0,0,0,2,0,0,0,0
Antonio Puertas,Granada CF,516.747€,27,13,513,0,2,0,1,4,11,4,24,74,1,15,1,0,0,0,0,0,0,0
Melendo,Granada CF,543.649€,27,14,764,0,0,0,1,2,6,0,43,78,0,17,0,0,1,2,0,0,0,0
Camello,Rayo Vallecano,981.310€,27,13,510,0,1,1,0,2,4,5,20,60,0,9,0,0,0,2,0,0,0,0
Dmitrovic,Sevilla FC,1.653.708€,26,12,450,0,0,0,0,7,1,0,39,45,0,9,0,18,0,0,0,0,0,1
Lucas Vázquez,Real Madrid,713.341€,26,14,170,0,1,2,2,4,7,3,12,34,0,4,0,0,0,0,0,0,0,0
Miguel Rubio,Granada CF,610.909€,26,8,559,1,0,0,0,24,1,1,45,71,0,14,0,0,0,1,0,0,0,0
Dani García,Athletic Club,529.673€,26,12,400,1,0,0,0,4,1,3,27,33,0,7,0,0,0,3,0,0,0,0
Kike Pérez,Rayo Vallecano,590.292€,26,13,380,1,0,0,1,4,2,4,26,73,0,5,0,0,0,2,0,0,0,0
Sergio Ruiz,Granada CF,494.849€,26,14,630,0,0,1,1,10,4,0,57,78,0,16,0,0,0,2,0,0,0,0
Luis Garcia,Deportivo Alavés,476.986€,26,14,0,0,0,0,0,0,0,0,0,0,0,0,0,0,0,0,0,0,0,0
Lekue,Athletic Club,540.917€,25,14,520,0,0,1,1,14,3,0,41,75,0,7,0,0,0,2,0,0,0,0
Abner,Real Betis,840.282€,25,8,302,1,0,0,0,3,5,3,13,47,0,6,0,0,0,0,0,1,0,0
Nteka,Rayo Vallecano,1.456.052€,25,7,373,0,0,2,2,4,8,4,19,62,0,3,0,0,0,0,0,1,0,0
Sandro,UD Las Palmas,1.032.002€,25,11,338,2,0,2,2,3,4,4,14,48,0,5,0,0,0,3,0,0,0,0
Lamela,Sevilla FC,809.286€,25,14,437,0,0,0,0,3,2,9,11,44,0,6,0,0,1,2,0,0,0,0
Larin,RCD Mallorca,762.310€,25,12,341,0,0,0,1,2,13,6,17,62,0,2,0,0,0,1,0,0,0,0
Pejiño,UD Las Palmas,511.000€,24,10,448,0,1,1,5,13,2,0,28,53,0,6,0,0,0,0,1,0,0,0
Alberto Moreno,Villarreal CF,551.333€,24,11,804,0,0,0,0,44,0,1,36,61,0,20,0,0,1,1,1,0,0,0
Edgar,UD Almería,686.242€,24,11,0,0,0,0,0,0,0,0,0,0,0,0,0,0,0,0,0,0,0,0
Francisco,Rayo Vallecano,533.788€,24,9,410,0,0,1,4,16,1,0,21,57,0,5,0,0,0,3,0,0,0,0
Araujo,UD Las Palmas,715.774€,23,9,406,0,0,0,0,27,2,0,25,45,0,6,0,0,0,0,0,0,0,0
Aidoo,RC Celta,1.070.041€,23,12,652,0,1,1,3,13,0,0,41,107,0,12,0,0,0,1,0,0,0,0
Juan Cruz,C.A. Osasuna,573.858€,23,10,208,2,0,0,0,3,2,4,6,30,0,9,0,0,0,0,0,0,0,0
Douvikas,RC Celta,1.271.353€,22,14,529,0,0,0,3,13,9,0,43,83,0,10,0,0,0,2,0,0,0,0
Maffeo,RCD Mallorca,1.493.149€,22,11,614,0,0,1,7,7,5,1,43,115,0,11,1,0,0,1,0,0,0,0
Gio González,RCD Mallorca,493.015€,22,14,833,0,0,0,5,11,3,2,57,121,0,12,0,0,1,3,0,0,0,0
William Carvalho,Real Betis,1.431.978€,22,8,196,0,1,0,0,1,1,0,25,40,0,0,0,0,0,0,0,0,0,0
Ander Herrera,Athletic Club,564.443€,22,8,479,0,0,0,3,4,9,4,34,65,0,7,0,0,0,4,0,0,0,0
Yéremy Pino,Villarreal CF,2.530.686€,22,5,147,2,0,0,1,0,2,3,1,27,0,1,0,0,0,0,0,0,0,0
Memphis,Atlético de Madrid,3.373.558€,22,12,0,0,0,0,0,0,0,0,0,0,0,0,0,0,0,0,0,0,0,0
Mendilibar,Sevilla FC,504.728€,22,10,673,0,0,0,0,30,0,0,40,99,0,14,0,0,1,2,0,0,0,1
Torrente,Granada CF,530.242€,21,10,262,0,0,1,1,8,3,0,21,47,0,5,0,0,0,1,0,0,0,0
Foulquier,Valencia CF,538.148€,21,12,587,0,0,0,1,22,1,0,41,78,0,9,0,0,0,2,0,0,0,1
Cenk,Valencia CF,754.672€,21,4,360,0,0,0,0,16,0,0,28,19,0,5,0,0,0,1,0,0,0,0
Luiz Felipe,Real Betis,13.325.245€,21,14,299,0,0,0,5,0,7,4,19,62,0,9,0,0,0,1,0,0,0,0
Muniain,Athletic Club,1.134.267€,21,12,287,0,0,0,2,3,2,0,24,36,0,3,0,0,0,1,0,0,0,0
Guardado,Real Betis,521.281€,21,14,623,0,1,1,0,4,7,2,16,67,0,21,0,0,0,2,0,0,0,0
Melero,UD Almería,601.397€,21,14,271,0,0,1,3,2,3,0,17,43,0,4,0,0,0,1,0,0,0,0
Alkain,Deportivo Alavés,492.052€,21,12,755,0,0,1,11,7,9,0,37,146,0,10,0,0,0,6,0,0,0,0
Alejo,Cádiz CF,511.683€,21,12,242,0,1,2,2,3,3,0,20,47,0,4,0,0,0,2,0,0,0,0
Ruibal,Real Betis,530.721€,21,14,272,0,0,0,0,2,2,3,14,51,0,3,0,0,0,1,0,1,0,0
Amath,RCD Mallorca,524.808€,21,7,225,0,0,0,0,4,0,0,21,31,0,4,0,10,0,0,0,0,0,0
Vieites,Real Betis,488.324€,21,10,258,1,0,0,0,7,1,1,18,57,0,5,0,0,0,1,0,0,0,0
Iker Muñoz,C.A. Osasuna,531.692€,21,10,367,1,1,0,0,7,7,1,9,65,0,6,0,0,0,2,0,0,0,0
Sory Kaba,UD Las Palmas,591.881€,21,10,435,0,0,0,0,7,7,0,38,35,0,8,0,0,0,3,0,0,0,0
Soumaré,Sevilla FC,1.273.116€,20,5,270,0,1,1,2,9,3,0,23,37,0,5,0,0,0,0,0,0,0,0
Sabaly,Real Betis,1.392.336€,20,14,424,1,0,0,0,20,3,1,16,41,0,16,0,0,0,1,0,0,0,0
Kaiky,UD Almería,530.368€,20,10,330,0,0,0,0,22,0,1,25,23,0,8,0,0,0,0,0,0,0,0
Meré,Cádiz CF,488.209€,20,10,370,0,0,0,1,6,2,0,36,34,0,9,0,0,0,0,0,0,0,0
Fernando,Sevilla FC,690.178€,20,11,289,0,0,0,0,4,2,2,28,36,0,4,0,0,0,2,0,0,0,0
Borja Iglesias,Real Betis,2.551.857€,20,13,277,0,1,2,0,2,1,1,8,30,0,2,0,0,0,2,0,0,0,0
Mata,Getafe CF,502.314€,20,13,554,0,0,0,2,10,3,2,25,88,0,9,0,0,0,3,1,0,0,0
Momo Cho,Real Sociedad,627.790€,20,13,239,0,0,0,1,0,7,0,17,51,0,7,0,0,0,0,0,0,0,0
Diedhiou,Granada CF,480.221€,20,12,74,0,1,1,0,2,4,3,5,33,0,3,0,0,0,0,0,1,0,0
Óscar,Getafe CF,790.616€,20,10,216,0,0,0,2,1,5,2,19,46,0,1,0,0,0,3,0,0,0,0
Jon Pacheco,Real Sociedad,490.217€,20,13,313,0,0,0,0,14,0,1,11,30,0,5,0,0,0,2,0,0,0,0
Valery,Girona FC,490.684€,19,12,304,0,0,0,3,4,0,0,25,26,0,7,0,0,0,1,0,0,0,0
Álex Fernández,Cádiz CF,522.861€,19,13,461,0,0,0,2,2,7,1,19,64,0,11,0,0,0,2,0,0,0,0
Terrats,Villarreal CF,651.088€,19,12,0,0,0,0,0,0,0,0,0,0,0,0,0,0,0,0,0,0,0,0
Jagoba Arrasate,C.A. Osasuna,495.532€,19,10,308,0,1,1,2,2,5,1,18,53,0,9,0,0,0,2,0,0,0,0
Akhomach,Villarreal CF,505.330€,18,14,162,0,0,1,0,4,0,0,16,25,0,4,0,0,0,1,0,0,0,0
Guillamón,Valencia CF,562.759€,18,14,141,1,1,1,0,2,1,1,7,25,0,4,0,0,0,0,0,0,0,0
Villalibre,Athletic Club,554.121€,18,14,0,0,0,0,0,0,0,0,0,0,0,0,0,0,0,0,0,0,0,0
Sergio González,Cádiz CF,485.166€,18,5,267,0,0,1,0,1,2,3,23,45,0,5,0,0,0,0,0,0,0,0
Canós,Valencia CF,694.630€,17,13,544,0,0,0,1,20,0,0,28,45,0,10,0,0,0,3,1,0,0,0
Domingos Duarte,Getafe CF,816.252€,17,12,179,0,0,0,1,0,0,0,17,22,0,3,0,0,0,0,0,0,0,0
Benavidez,Deportivo Alavés,498.424€,17,11,324,0,0,0,0,6,1,0,28,64,0,6,0,0,1,1,0,0,0,0
Dotor,RC Celta,520.065€,17,14,323,0,0,0,0,2,1,0,26,39,0,7,0,0,0,0,0,0,0,0
Kike Barja,C.A. Osasuna,502.438€,17,11,234,0,0,0,3,1,8,2,16,53,0,7,0,0,0,2,0,0,0,0
Javier Aguirre,RCD Mallorca,494.557€,17,13,0,0,0,0,0,0,0,0,0,0,0,0,0,0,0,0,0,0,0,0
Lucas Pires,Cádiz CF,528.799€,17,9,429,1,0,0,6,10,6,2,33,75,0,9,0,0,0,2,0,0,0,0
Mandi,Villarreal CF,587.957€,16,13,466,0,0,1,0,16,0,1,27,29,0,8,0,0,1,2,0,0,0,0
Sergi Roberto,FC Barcelona,651.806€,16,9,189,1,0,0,2,0,0,1,16,16,0,3,0,0,0,0,0,0,0,0
Imanol,Athletic Club,550.521€,16,14,259,0,0,0,5,5,3,0,23,30,0,4,0,0,0,0,0,0,0,0
Comesaña,Villarreal CF,696.074€,16,14,317,0,0,0,0,5,3,1,22,41,0,5,0,0,0,4,0,0,0,0
Pablo Torre,Girona FC,571.296€,16,12,93,1,0,0,0,3,2,2,8,10,0,1,0,0,0,1,0,0,0,0
Falcao,Rayo Vallecano,505.346€,16,14,221,0,0,0,0,0,2,0,11,31,0,3,0,0,0,2,0,0,0,0
Ben Brereton,Villarreal CF,735.521€,16,6,349,0,0,0,2,7,7,0,21,35,0,8,0,0,0,0,0,0,0,0
Alti,Villarreal CF,467.985€,16,7,177,0,0,0,6,1,0,0,5,33,0,2,0,0,0,0,0,0,0,0
Zakharyan,Real Sociedad,957.474€,16,6,363,0,0,0,0,1,9,0,17,72,0,3,0,0,0,1,0,0,0,0
Diao,Real Betis,2.666.449€,15,14,580,0,0,0,2,7,3,0,43,96,0,12,0,0,0,3,0,0,0,0
Jaume Costa,RCD Mallorca,572.369€,15,13,229,0,0,0,0,13,0,0,15,25,0,4,0,0,0,0,0,0,0,0
Heyden,RCD Mallorca,530.186€,15,5,130,0,0,1,2,4,5,0,10,25,0,5,0,0,0,0,0,0,0,0
Denis Suárez,Villarreal CF,826.190€,15,12,408,0,0,0,0,10,1,0,35,41,0,8,0,0,0,3,1,0,0,0
Mascarell,RCD Mallorca,596.668€,15,14,48,1,0,0,0,0,2,1,5,14,0,4,0,0,0,0,0,0,0,0
Swedberg,RC Celta,489.537€,15,14,188,0,0,0,2,1,4,1,8,35,0,7,0,0,0,0,0,0,0,0
Lázaro,UD Almería,499.342€,15,9,143,0,0,1,1,1,0,1,15,24,0,4,0,0,0,0,0,0,0,0
Hugo Sotelo,RC Celta,547.669€,15,5,166,0,1,1,0,3,1,0,14,36,0,2,0,0,0,0,0,0,0,0
Kieran Tierney,Real Sociedad,1.791.822€,15,8,448,0,0,0,0,23,0,3,38,33,0,6,1,0,0,3,0,0,0,1
Sergio Ramos,Sevilla FC,11.642.679€,15,5,180,1,0,0,0,6,0,2,12,12,0,2,0,0,0,0,0,0,0,0
Raíllo,RCD Mallorca,2.385.538€,14,9,411,0,0,0,8,6,3,1,39,79,0,11,0,0,0,2,0,0,0,0
Acuña,Sevilla FC,1.234.156€,14,4,140,1,0,0,1,1,0,1,6,9,0,1,1,0,0,1,0,0,0,0
San Emeterio,Cádiz CF,590.839€,14,13,118,0,0,0,0,1,0,1,8,27,0,2,0,0,0,0,0,0,0,0
Arambarri,Getafe CF,966.111€,14,7,337,0,0,0,2,7,3,2,28,41,0,6,0,0,0,2,0,0,0,0
González,Valencia CF,474.209€,14,9,31,0,1,1,4,0,0,0,3,5,0,1,0,0,0,0,0,0,0,0
Maxi Gómez,Cádiz CF,1.196.805€,14,11,406,0,0,1,0,0,2,2,9,70,0,10,0,0,0,2,0,0,0,0
Roman Yaremchuk,Valencia CF,725.504€,14,9,173,0,0,0,0,2,0,0,9,33,0,4,0,0,0,0,0,0,0,0
Kouame,Cádiz CF,501.158€,14,7,364,0,0,0,1,1,2,0,31,25,0,8,0,0,0,2,0,0,0,0
Raúl,C.A. Osasuna,711.237€,14,8,180,0,0,0,0,1,1,0,8,28,0,5,0,0,0,0,0,0,0,0
Pozo,UD Almería,517.807€,13,12,400,0,0,0,7,5,1,1,27,79,0,16,0,0,0,0,0,0,0,0
Milla,Getafe CF,518.248€,13,4,223,0,0,0,8,1,2,0,21,41,0,2,0,0,0,0,0,0,0,0
Tapia,RC Celta,535.500€,13,13,197,0,0,0,0,6,1,1,15,25,0,3,0,0,0,1,1,0,0,0
Cervi,RC Celta,530.295€,13,9,169,0,0,1,1,2,1,0,20,23,0,4,0,0,0,1,0,0,0,0
Paco Lopez,Granada CF,476.252€,13,14,0,0,0,0,0,0,0,0,0,0,0,0,0,0,0,0,0,0,0,0
Marcos Alonso,FC Barcelona,699.460€,13,12,160,0,0,1,2,3,3,2,14,23,0,4,0,0,0,0,0,0,0,0
Rafael Benitez Maudes,RC Celta,533.788€,13,11,0,0,0,0,0,0,0,0,0,0,0,0,0,0,0,0,0,0,0,0
Tenaglia,Deportivo Alavés,627.990€,13,12,96,0,0,0,1,9,0,0,7,15,0,1,0,0,0,0,0,0,0,0
Nacho Vidal,C.A. Osasuna,496.726€,13,14,60,1,0,0,0,2,1,1,2,8,0,2,0,0,0,0,0,0,0,0
Yeray,Athletic Club,1.105.734€,12,5,184,0,0,0,0,11,0,1,14,20,0,5,0,0,0,1,0,0,0,0
Kevin Vázquez,RC Celta,487.846€,12,14,334,0,0,0,2,14,1,0,19,38,0,5,0,0,0,1,0,0,0,0
Petrovic,Granada CF,495.008€,12,14,85,0,0,0,0,3,2,1,9,18,0,3,0,0,0,0,0,0,0,0
Sobrino,Cádiz CF,519.597€,12,12,366,0,0,0,3,5,3,0,43,59,0,7,0,0,0,5,0,0,0,0
Mendes,UD Almería,476.915€,11,9,370,0,0,0,1,14,2,0,25,63,0,10,0,0,0,0,0,0,0,0
Copete,RCD Mallorca,585.987€,11,13,467,0,0,0,1,17,0,0,36,39,0,9,0,0,1,3,0,0,0,0
Jordán,Sevilla FC,542.878€,11,13,255,0,0,0,2,2,1,1,18,27,0,5,0,0,0,1,0,0,0,0
Carles Pérez,RC Celta,663.924€,11,9,237,0,0,1,2,0,4,0,18,37,0,5,0,0,0,1,0,0,0,0
Prados,Athletic Club,475.469€,11,9,89,0,0,0,0,1,1,2,10,16,0,3,0,0,0,0,0,0,0,0
Ristic,RC Celta,504.215€,11,6,356,0,0,0,2,8,2,0,31,67,0,7,0,0,0,0,0,0,0,0
Pacheta,Villarreal CF,749.586€,11,8,0,0,0,0,0,0,0,0,0,0,0,0,0,0,0,0,0,0,0,0
Kiko Femenía,Villarreal CF,475.855€,10,14,197,0,0,1,2,2,0,0,14,24,0,1,0,0,0,3,0,0,0,0
Miguel Rodríguez,RC Celta,549.462€,10,14,64,0,0,0,0,0,1,0,5,20,0,2,0,0,0,1,0,0,0,0
Benito J,UD Las Palmas,484.420€,10,5,37,1,0,0,1,0,0,1,3,9,0,1,0,0,0,0,0,0,0,0
Juanpe,Girona FC,508.013€,9,13,118,0,0,0,0,16,0,0,3,11,0,2,0,0,0,2,0,0,0,0
Angileri,Getafe CF,476.980€,9,13,75,0,0,1,2,4,0,0,10,14,0,2,0,0,0,1,0,0,0,0
Ceballos,Real Madrid,672.350€,9,6,87,0,0,0,0,0,2,0,7,9,0,0,0,0,0,0,0,0,0,0
Arnau Puigmal,UD Almería,476.930€,9,14,231,0,0,0,2,1,2,0,17,36,0,4,0,0,1,3,0,0,0,0
Juan Cruz,Real Betis,484.672€,9,11,65,0,0,0,0,0,5,0,4,8,0,1,0,0,0,0,0,0,0,0
Kone,UD Almería,640.901€,9,7,163,0,0,0,0,4,1,1,5,25,0,10,0,0,0,0,0,0,0,0
Ibañez,C.A. Osasuna,799.645€,9,11,187,0,0,0,1,1,0,0,9,24,0,6,0,0,0,2,0,0,0,0
Aitor Fdez,C.A. Osasuna,643.084€,8,14,280,0,0,0,0,2,0,0,21,33,0,6,0,3,0,1,0,0,0,0
Raúl F,Granada CF,620.464€,8,8,270,0,0,0,0,1,0,0,26,36,0,11,0,8,0,0,0,0,0,0
Javi Galán,Atlético de Madrid,915.057€,8,13,83,0,0,0,1,3,2,0,8,22,0,1,0,0,0,1,0,0,0,0
Lemar,Atlético de Madrid,732.904€,8,3,167,0,0,0,1,0,1,0,5,19,0,2,0,0,0,0,0,0,0,0
Mfulu,UD Las Palmas,495.656€,8,11,66,0,0,0,0,5,0,0,8,7,0,2,0,0,0,1,0,0,0,0
Negredo,Cádiz CF,545.791€,8,13,35,0,0,0,1,0,1,1,3,10,0,2,0,0,0,0,0,0,0,0
Unai G,Athletic Club,485.923€,8,14,268,0,0,0,0,13,1,0,12,30,0,6,0,0,0,0,0,0,0,0
Carlos Domínguez,RC Celta,508.891€,8,11,249,0,0,0,5,1,3,2,13,43,0,6,1,0,0,0,0,0,0,0
Robert Navarro,Cádiz CF,493.843€,8,5,216,0,0,1,2,1,3,1,15,35,0,8,0,0,0,0,0,0,0,0
Carreras,Granada CF,558.160€,7,14,180,0,0,0,0,1,0,0,25,29,0,7,0,4,0,0,0,0,0,0
Fernando,UD Almería,561.469€,7,12,177,0,0,0,1,2,5,0,18,36,0,4,0,0,0,1,0,0,0,0
Manafá,Granada CF,521.332€,7,14,122,0,0,0,0,3,0,1,5,10,0,2,0,0,0,0,0,0,0,0
Trigueros,Villarreal CF,525.546€,7,12,93,0,0,0,0,3,2,0,13,11,0,5,0,0,0,0,0,0,0,0
Altimira,Real Betis,491.462€,7,10,48,0,0,0,0,1,1,1,1,8,0,3,0,0,0,0,0,0,0,0
Bartra,Real Betis,1.267.733€,7,5,225,0,0,0,0,10,2,0,17,19,0,6,0,0,0,1,0,0,0,0
Sergi Guardiola,Cádiz CF,766.210€,7,8,73,0,0,0,0,1,0,1,4,12,0,1,0,0,0,0,0,0,0,0
Söyüncü,Atlético de Madrid,903.694€,6,7,30,0,0,0,0,2,0,0,1,2,0,0,0,0,0,0,0,0,0,0
Raúl García,Athletic Club,500.157€,6,14,77,0,0,0,0,1,0,0,2,17,0,3,0,0,0,1,0,0,0,0
Lozano,Getafe CF,531.439€,6,11,180,0,0,0,0,2,1,1,14,29,0,3,0,0,0,1,0,0,0,0
Andrei,Rayo Vallecano,475.469€,6,6,169,0,0,0,1,2,0,1,5,19,0,4,0,0,0,0,0,0,0,0
Mariano,Sevilla FC,838.242€,6,11,90,0,0,0,0,0,0,0,12,4,0,1,0,3,0,0,0,0,0,0
Iñaki Peña,FC Barcelona,641.038€,5,11,90,0,0,0,0,5,0,0,12,3,0,2,0,0,0,0,0,0,0,0
Curbelo,UD Las Palmas,490.414€,5,13,66,0,0,0,0,1,0,0,4,15,0,1,0,0,0,2,0,0,0,0
Olasagasti,Real Sociedad,479.114€,5,12,19,0,0,0,0,1,1,0,7,5,0,1,0,0,0,0,0,0,0,0
Herrera,UD Las Palmas,495.229€,5,14,93,0,0,0,0,2,1,0,6,11,0,3,0,0,0,0,0,0,0,0
Weissman,Granada CF,754.235€,5,7,51,0,0,0,1,1,0,0,1,5,0,0,0,0,0,0,0,0,0,0
Miguel Ángel Tena,Villarreal CF,857.594€,5,1,0,0,0,0,0,0,0,0,0,0,0,0,0,0,0,0,0,0,0,0
Mariño,UD Almería,471.433€,4,14,90,0,0,0,0,1,0,0,8,4,0,2,0,2,0,0,0,0,0,0
Chust,Cádiz CF,524.739€,4,5,156,0,0,0,0,5,0,0,8,18,0,3,0,0,0,0,0,0,0,0
Bernardo,Girona FC,521.822€,4,8,2,0,0,0,0,2,0,0,1,1,0,0,0,0,0,0,0,0,0,0
Perea,Granada CF,491.782€,4,13,2,0,0,0,0,0,0,0,1,1,0,0,0,0,0,0,0,0,0,0
Jose Mari,Cádiz CF,473.235€,4,12,12,0,0,0,0,0,0,0,3,5,0,1,0,0,0,1,0,0,0,0
André Silva,Real Sociedad,905.538€,4,4,30,0,0,0,0,0,0,1,1,6,0,0,0,0,0,0,0,0,0,0
Vicente Moreno Peris,UD Almería,501.106€,4,11,0,0,0,0,0,0,0,0,0,0,0,0,0,0,0,0,0,0,0,0
Januzaj,Sevilla FC,1.177.794€,4,7,42,0,0,0,0,0,1,0,3,5,0,1,0,0,0,0,0,0,0,0
Gozálbez,Valencia CF,474.209€,4,10,54,0,0,0,0,1,0,0,4,9,0,1,0,0,0,0,0,0,0,0
Mario,Valencia CF,468.617€,4,5,14,0,0,0,0,0,0,1,0,2,0,1,0,0,0,0,0,0,0,0
Javi Llabrés,RCD Mallorca,510.066€,4,6,12,0,0,0,0,0,0,0,2,6,0,0,0,0,0,0,0,0,0,0
Jesús Vázquez,Valencia CF,485.059€,3,7,23,0,0,0,0,0,0,0,2,4,0,0,0,0,0,0,0,0,0,0
Lemos S,UD Las Palmas,485.080€,3,10,193,0,0,0,0,3,0,0,11,33,0,2,0,0,0,1,0,0,0,0
Sinkgraven,UD Las Palmas,530.802€,3,10,68,0,0,0,0,1,0,0,6,8,0,1,0,0,0,0,0,0,0,0
Marc Pubill,UD Almería,542.209€,3,3,247,0,0,0,0,6,2,0,19,44,0,6,0,0,0,1,0,0,0,0
Fekir,Real Betis,8.763.929€,3,3,17,0,0,0,0,0,0,0,3,3,0,0,0,0,0,0,0,0,0,0
Nico Paz,Real Madrid,479.274€,3,6,10,0,0,0,0,0,0,0,3,3,0,1,0,0,0,0,0,0,0,0
Jhon Solis,Girona FC,524.262€,3,8,5,0,0,0,0,0,0,0,1,6,0,0,0,0,0,0,0,0,0,0
David Gil,Cádiz CF,475.541€,2,13,11,0,0,0,0,0,0,0,1,1,0,0,0,1,0,0,0,0,0,0
Militão,Real Madrid,2.140.800€,2,1,50,0,0,0,0,1,0,0,4,1,0,0,0,0,0,0,0,0,0,0
Odriozola,Real Sociedad,500.278€,2,9,45,0,0,0,1,0,0,0,1,7,0,0,0,0,0,0,0,0,0,0
Raúl,Granada CF,547.851€,2,2,96,0,0,0,0,0,1,0,7,8,0,4,0,0,0,1,0,0,0,0
Pozo,Sevilla FC,506.386€,2,5,17,0,0,0,0,2,0,0,1,3,0,0,0,0,0,0,0,0,0,0
Milla,Cádiz CF,479.841€,2,10,55,0,0,0,0,6,0,0,3,7,0,2,0,0,0,0,0,0,0,0
Tapia,Rayo Vallecano,472.456€,2,14,19,0,0,0,0,0,0,0,1,5,0,3,0,0,0,1,0,0,0,0
Cervi,Sevilla FC,593.804€,2,9,9,0,0,0,0,1,0,0,1,2,0,1,0,0,0,0,0,0,0,0
Paco Lopez,Girona FC,477.387€,2,1,11,0,0,0,1,0,1,1,3,2,0,0,0,0,0,0,0,0,0,0
Marcos Alonso,Cádiz CF,480.880€,2,6,7,0,0,0,0,2,0,0,0,0,0,0,0,0,0,0,0,0,0,0
Rafael Benitez Maudes,Valencia CF,468.587€,2,10,103,0,0,0,0,3,0,0,7,14,0,2,0,0,0,1,0,0,0,0
Tenaglia,Real Sociedad,479.003€,2,10,14,0,0,0,0,0,0,0,2,5,0,1,0,0,0,0,0,0,0,0
Nacho Vidal,Deportivo Alavés,524.436€,1,12,141,0,0,0,1,3,0,0,6,16,0,5,0,0,0,0,0,0,0,0
Yeray,Cádiz CF,507.072€,1,13,162,0,0,0,0,7,1,0,8,30,0,8,0,0,0,1,0,0,0,0
Kevin Vázquez,Granada CF,505.539€,1,7,19,0,0,0,0,1,0,0,0,2,0,1,0,0,0,0,0,0,0,0
Petrovic,Athletic Club,485.786€,0,0,0,0,0,0,0,0,0,0,0,0,0,0,0,0,0,0,0,0,0,0
Sobrino,UD Almería,467.985€,0,14,0,0,0,0,0,0,0,0,0,0,0,0,0,0,0,0,0,0,0,0
Mendes,Real Madrid,1.877.671€,0,14,0,0,0,0,0,0,0,0,0,0,0,0,0,0,0,0,0,0,0,0
Copete,UD Las Palmas,474.069€,0,14,0,0,0,0,0,0,0,0,0,0,0,0,0,0,0,0,0,0,0,0
Jordán,Valencia CF,466.915€,0,11,0,0,0,0,0,0,0,0,0,0,0,0,0,0,0,0,0,0,0,0
Carles Pérez,Valencia CF,491.089€,0,14,0,0,0,0,0,0,0,0,0,0,0,0,0,0,0,0,0,0,0,0
Prados,Atlético de Madrid,480.076€,0,14,0,0,0,0,0,0,0,0,0,0,0,0,0,0,0,0,0,0,0,0
Ristic,Athletic Club,489.768€,0,14,0,0,0,0,0,0,0,0,0,0,0,0,0,0,0,0,0,0,0,0
Pacheta,RCD Mallorca,476.663€,0,8,0,0,0,0,0,0,0,0,0,0,0,0,0,0,0,0,0,0,0,0
Kiko Femenía,Villarreal CF,640.448€,0,13,0,0,0,0,0,0,0,0,0,0,0,0,0,0,0,0,0,0,0,0
Miguel Rodríguez,Girona FC,496.189€,0,14,0,0,0,0,0,0,0,0,0,0,0,0,0,0,0,0,0,0,0,0
Benito J,RC Celta,517.029€,0,8,0,0,0,0,0,0,0,0,0,0,0,0,0,0,0,0,0,0,0,0
Juanpe,Getafe CF,482.832€,0,12,0,0,0,0,0,0,0,0,0,0,0,0,0,0,0,0,0,0,0,0
Angileri,C.A. Osasuna,496.822€,0,1,0,0,0,0,0,0,0,0,0,0,0,0,0,0,0,0,0,0,0,0
Ceballos,Deportivo Alavés,511.778€,0,1,0,0,0,0,0,0,0,0,0,0,0,0,0,0,0,0,0,0,0,0
Arnau Puigmal,Atlético de Madrid,829.099€,0,0,0,0,0,0,0,0,0,0,0,0,0,0,0,0,0,0,0,0,0,0
Juan Cruz,Sevilla FC,508.875€,0,0,0,0,0,0,0,0,0,0,0,0,0,0,0,0,0,0,0,0,0,0
Kone,Villarreal CF,509.338€,0,11,0,0,0,0,0,0,0,0,0,0,0,0,0,0,0,0,0,0,0,0
Ibañez,Real Sociedad,479.649€,0,0,0,0,0,0,0,0,0,0,0,0,0,0,0,0,0,0,0,0,0,0
Aitor Fdez,Rayo Vallecano,470.394€,0,10,2,0,0,0,0,0,0,0,2,4,0,0,0,0,0,1,0,0,0,0
Raúl F,Girona FC,495.549€,0,1,0,0,0,0,0,0,0,0,0,0,0,0,0,0,0,0,0,0,0,0
Javi Galán,Real Madrid,1.540.916€,0,0,0,0,0,0,0,0,0,0,0,0,0,0,0,0,0,0,0,0,0,0
Lemar,Getafe CF,666.807€,0,10,0,0,0,0,0,0,0,0,0,0,0,0,0,0,0,0,0,0,0,0
Mfulu,Granada CF,471.498€,0,13,0,0,0,0,0,0,0,0,0,0,0,0,0,0,0,0,0,0,0,0
Negredo,Rayo Vallecano,478.447€,0,14,0,0,0,0,0,0,0,0,0,0,0,0,0,0,0,0,0,0,0,0
Unai G,Deportivo Alavés,480.386€,0,9,0,0,0,0,0,0,0,0,0,0,0,0,0,0,0,0,0,0,0,0
Carlos Domínguez,Rayo Vallecano,468.492€,0,5,0,0,0,0,0,0,0,0,0,0,0,0,0,0,0,0,0,0,0,0
Robert Navarro,Real Sociedad,23.300.238€,0,4,0,0,0,0,0,0,0,0,0,0,0,0,0,0,0,0,0,0,0,0
Carreras,Deportivo Alavés,59.534.227€,0,1,0,0,0,0,0,0,0,0,0,0,0,0,0,0,0,0,0,0,0,0
Fernando,Girona FC,22.317.581€,0,13,0,0,0,0,0,0,0,0,0,0,0,0,0,0,0,0,0,0,0,0
Manafá,Girona FC,26.829.882€,0,5,0,0,0,0,0,0,0,0,0,0,0,0,0,0,0,0,0,0,0,0
Trigueros,Athletic Club,22.390.408€,0,6,0,0,0,0,0,0,0,0,0,0,0,0,0,0,0,0,0,0,0,0
Altimira,Deportivo Alavés,47.421.229€,0,1,0,0,0,0,0,0,0,0,0,0,0,0,0,0,0,0,0,0,0,0
Bartra,Sevilla FC,67.608.305€,0,1,0,0,0,0,0,0,0,0,0,0,0,0,0,0,0,0,0,0,0,0
Sergi Guardiola,RC Celta,21.845.398€,0,10,90,0,0,0,0,5,0,0,4,17,0,3,0,0,0,0,0,0,0,0
Söyüncü,C.A. Osasuna,49.469.101€,0,4,0,0,0,0,0,0,0,0,0,0,0,0,0,0,0,0,0,0,0,0
Raúl García,C.A. Osasuna,16.927.665€,0,1,0,0,0,0,0,0,0,0,0,0,0,0,0,0,0,0,0,0,0,0
Lozano,Real Madrid,24.693.328€,0,5,0,0,0,0,0,0,0,0,0,0,0,0,0,0,0,0,0,0,0,0
Andrei,Deportivo Alavés,18.451.626€,0,10,0,0,0,0,0,0,0,0,0,0,0,0,0,0,0,0,0,0,0,0
Mariano,FC Barcelona,28.301.245€,0,0,0,0,0,0,0,0,0,0,0,0,0,0,0,0,0,0,0,0,0,0
Iñaki Peña,UD Almería,44.290.879€,0,10,0,0,0,0,0,0,0,0,0,0,0,0,0,0,0,0,0,0,0,0
Curbelo,Atlético de Madrid,35.512.140€,0,8,0,0,0,0,0,0,0,0,0,0,0,0,0,0,0,0,0,0,0,0
Olasagasti,Rayo Vallecano,47.952.703€,0,10,0,0,0,0,0,0,0,0,0,0,0,0,0,0,0,0,0,0,0,0
Herrera,Real Sociedad,39.721.690€,0,1,0,0,0,0,0,0,0,0,0,0,0,0,0,0,0,0,0,0,0,0
Weissman,Athletic Club,22.918.949€,0,5,0,0,0,0,0,0,0,0,0,0,0,0,0,0,0,0,0,0,0,0
Miguel Ángel Tena,UD Las Palmas,49.090.201€,0,0,0,0,0,0,0,0,0,0,0,0,0,0,0,0,0,0,0,0,0,0
Mariño,Getafe CF,71.119.326€,0,4,0,0,0,0,0,0,0,0,0,0,0,0,0,0,0,0,0,0,0,0
Chust,FC Barcelona,39.670.275€,0,1,0,0,0,0,0,0,0,0,0,0,0,0,0,0,0,0,0,0,0,0
Bernardo,Girona FC,13.248.664€,0,0,0,0,0,0,0,0,0,0,0,0,0,0,0,0,0,0,0,0,0,0
Perea,Sevilla FC,30.792.712€,0,9,23,0,0,0,0,0,1,0,1,3,0,1,0,0,0,1,0,0,0,0
Jose Mari,Deportivo Alavés,34.015.356€,0,0,0,0,0,0,0,0,0,0,0,0,0,0,0,0,0,0,0,0,0,0
André Silva,Girona FC,50.943.080€,0,2,0,0,0,0,0,0,0,0,0,0,0,0,0,0,0,0,0,0,0,0
Vicente Moreno Peris,Getafe CF,23.278.289€,0,0,0,0,0,0,0,0,0,0,0,0,0,0,0,0,0,0,0,0,0,0
Januzaj,Cádiz CF,13.359.455€,0,0,0,0,0,0,0,0,0,0,0,0,0,0,0,0,0,0,0,0,0,0
Gozálbez,UD Las Palmas,29.628.561€,0,0,0,0,0,0,0,0,0,0,0,0,0,0,0,0,0,0,0,0,0,0
Mario,FC Barcelona,33.474.798€,0,0,0,0,0,0,0,0,0,0,0,0,0,0,0,0,0,0,0,0,0,0
Javi Llabrés,Real Sociedad,23.703.098€,0,4,0,0,0,0,0,0,0,0,0,0,0,0,0,0,0,0,0,0,0,0
Jesús Vázquez,Atlético de Madrid,26.824.398€,0,5,0,0,0,0,0,0,0,0,0,0,0,0,0,0,0,0,0,0,0,0
Lemos S,Valencia CF,50.006.363€,0,5,0,0,0,0,0,0,0,0,0,0,0,0,0,0,0,0,0,0,0,0
Sinkgraven,Deportivo Alavés,29.320.763€,0,0,0,0,0,0,0,0,0,0,0,0,0,0,0,0,0,0,0,0,0,0
Marc Pubill,RCD Mallorca,24.229.082€,0,3,0,0,0,0,0,0,0,0,0,0,0,0,0,0,0,0,0,0,0,0
Fekir,Valencia CF,18.214.246€,0,0,0,0,0,0,0,0,0,0,0,0,0,0,0,0,0,0,0,0,0,0
Nico Paz,Real Betis,17.047.578€,0,6,0,0,0,0,0,0,0,0,0,0,0,0,0,0,0,0,0,0,0,0
Jhon Solis,Real Madrid,15.133.163€,0,7,0,0,0,0,0,0,0,0,0,0,0,0,0,0,0,0,0,0,0,0
David Gil,RC Celta,38.141.880€,0,0,0,0,0,0,0,0,0,0,0,0,0,0,0,0,0,0,0,0,0,0
Militão,RCD Mallorca,33.796.732€,0,9,0,0,0,0,0,0,0,0,0,0,0,0,0,0,0,0,0,0,0,0
Odriozola,C.A. Osasuna,24.249.630€,0,1,0,0,0,0,0,0,0,0,0,0,0,0,0,0,0,0,0,0,0,0
Gaizka,Deportivo Alavés,22.396.041€,0,0,0,0,0,0,0,0,0,0,0,0,0,0,0,0,0,0,0,0,0,0
Pau Cubarsi,FC Barcelona,6.772.401€,0,1,0,0,0,0,0,0,0,0,0,0,0,0,0,0,0,0,0,0,0,0
Mario,Granada CF,25.151.105€,0,0,0,0,0,0,0,0,0,0,0,0,0,0,0,0,0,0,0,0,0,0
Luna,RCD Mallorca,40.089.464€,0,4,0,0,0,0,0,0,0,0,0,0,0,0,0,0,0,0,0,0,0,0
César Montes,UD Almería,30.694.041€,0,9,424,0,0,0,1,19,0,0,21,65,0,15,0,0,0,2,0,0,0,0
Marí,Valencia CF,7.216.397€,0,0,0,0,0,0,0,0,0,0,0,0,0,0,0,0,0,0,0,0,0,0
Brasanac,C.A. Osasuna,39.765.962€,0,5,0,0,0,0,0,0,0,0,0,0,0,0,0,0,0,0,0,0,0,0
Kike Salas,Sevilla FC,8.863.096€,0,5,0,0,0,0,0,0,0,0,0,0,0,0,0,0,0,0,0,0,0,0
Marc Guiu,FC Barcelona,29.816.876€,0,1,0,0,0,0,0,0,0,0,0,0,0,0,0,0,0,0,0,0,0,0
Diego Alonso,Sevilla FC,17.969.498€,0,1,0,0,0,0,0,0,0,0,0,0,0,0,0,0,0,0,0,0,0,0