,NOMBRE,EQUIPO,MJ,PJ,PPJ,PC,PPC,PT,PPT,PS,PPS,TA,TR,SA,G,PR,GPP,GE
,ABDE EZZALZOULI,REAL BETIS,546,15,16.67,0,16.67,3,16.67,3,16.67,0,0,0,1,0,0,6
,ABDE REBBACH,DEPORTIVO ALAVES,523,15,27.78,0,27.78,5,27.78,5,27.78,0,0,0,1,0,0,5
,ABDEL ABQAR,DEPORTIVO ALAVES,1255,14,11.11,12,11.11,14,11.11,2,11.11,5,0,0,0,0,1,18
,ABDUL MUMIN,RAYO VALLECANO,795,10,5.56,8,5.56,9,5.56,1,5.56,1,1,0,1,0,0,10
,ABDON PRATS,RCD MALLORCA,655,15,33.33,2,33.33,8,33.33,6,33.33,1,0,0,5,0,0,7
,ABNER VINICIUS DA SILVA SANTOS,REAL BETIS,790,12,5.56,7,5.56,8,5.56,1,5.56,2,0,0,0,0,0,8
,ADNAN JANUZAJ,SEVILLA FC,161,6,0.00,0,0.00,0,0.00,0,0.00,0,0,0,0,0,0,2
,ADRI EMBARBA,UD ALMERIA,1146,17,55.56,4,55.56,14,55.56,10,55.56,2,0,0,0,0,0,29
,ADRIA ALTI,VILLARREAL CF,645,9,22.22,4,22.22,8,22.22,4,22.22,2,0,0,0,0,0,17
,ADRIA PEDROSA,SEVILLA FC,1077,16,27.78,5,27.78,10,27.78,5,27.78,1,0,0,1,0,0,15
,AIHEN MUNOZ,REAL SOCIEDAD,1070,18,0.00,10,0.00,10,0.00,0,0.00,2,0,0,0,0,0,14
,AIMAR OROZ,CA OSASUNA,1439,18,72.22,4,72.22,17,72.22,13,72.22,2,0,0,1,0,0,24
,AITOR FERNANDEZ,CA OSASUNA,280,4,0.00,3,0.00,3,0.00,0,0.00,2,0,0,0,0,0,6
,AITOR PAREDES,ATHLETIC CLUB,1426,18,22.22,12,22.22,16,22.22,4,22.22,4,0,0,0,0,0,13
,AITOR RUIBAL,REAL BETIS,557,10,11.11,3,11.11,5,11.11,2,11.11,4,0,0,1,0,0,6
,ALBERTO MARI,VALENCIA CF,9,1,0.00,0,0.00,0,0.00,0,0.00,0,0,0,0,0,0,0
,ALBERTO MOLEIRO,UD LAS PALMAS,452,8,22.22,1,22.22,5,22.22,4,22.22,0,0,0,1,0,0,4
,ALBERTO MORENO,VILLARREAL CF,521,12,27.78,0,27.78,5,27.78,5,27.78,0,1,1,0,1,0,9
,ALBERTO PEREA,GRANADA CF,2,2,0.00,0,0.00,0,0.00,0,0.00,0,0,0,0,0,0,0
,ALBERTO SORO,,7,1,0.00,0,0.00,0,0.00,0,0.00,0,0,0,0,0,0,1
,ALEIX GARCIA,GIRONA FC,1620,18,0.00,18,0.00,18,0.00,0,0.00,2,0,0,3,0,0,21
,ALEJANDRO BALDE,FC BARCELONA,1198,16,16.67,10,16.67,13,16.67,3,16.67,1,0,0,0,0,0,14
,ALEJANDRO CATENA,CA OSASUNA,1254,14,0.00,14,0.00,14,0.00,0,0.00,5,1,0,1,0,0,21
,ALEKSANDAR SEDLAR,DEPORTIVO ALAVES,948,11,16.67,8,16.67,11,16.67,3,16.67,2,0,0,1,0,0,14
,ALEX BERENGUER,ATHLETIC CLUB,475,17,16.67,0,16.67,3,16.67,3,16.67,2,0,0,2,0,0,6
,ALEXANDER SORLOTH,VILLARREAL CF,1130,16,22.22,10,22.22,14,22.22,4,22.22,1,0,0,6,1,0,23
,ALFONSO ESPINO,RAYO VALLECANO,1399,16,22.22,12,22.22,16,22.22,4,22.22,6,0,0,0,0,1,21
,ALFONSO PEDRAZA,VILLARREAL CF,894,13,27.78,7,27.78,12,27.78,5,27.78,4,1,0,1,0,0,20
,AMATH NDIAYE,RCD MALLORCA,381,14,16.67,0,16.67,3,16.67,3,16.67,2,0,0,0,1,0,4
,ANDER BARRENETXEA,REAL SOCIEDAD,830,14,66.67,0,66.67,12,66.67,12,66.67,0,0,0,3,0,0,11
,ANDER GUEVARA,DEPORTIVO ALAVES,1484,17,33.33,11,33.33,17,33.33,6,33.33,5,0,0,1,0,0,21
,ANDER HERRERA,ATHLETIC CLUB,545,11,22.22,2,22.22,6,22.22,4,22.22,2,0,0,0,0,0,4
,ANDONI GOROSABEL,DEPORTIVO ALAVES,1523,18,27.78,12,27.78,17,27.78,5,27.78,4,0,0,0,0,0,22
,ANDREAS CHRISTENSEN,FC BARCELONA,1014,14,50.00,5,50.00,14,50.00,9,50.00,2,0,0,0,0,0,12
,ANDREI RATIU,RAYO VALLECANO,260,4,11.11,1,11.11,3,11.11,2,11.11,1,0,0,0,0,0,4
,ANDRIY LUNIN,REAL MADRID,630,7,0.00,7,0.00,7,0.00,0,0.00,0,0,0,0,0,0,4
,DOMINGOS ANDRE RIBEIRO ALMEIDA,VALENCIA CF,483,8,33.33,0,33.33,6,33.33,6,33.33,0,0,0,0,0,0,6
,ANDRE FILIPE MAGALHAES RIBEIRO FERREIRA,GRANADA CF,1339,15,0.00,14,0.00,14,0.00,0,0.00,1,0,0,0,0,0,29
,ANDRE MIGUEL VALENTE DA SILVA,REAL SOCIEDAD,90,4,5.56,0,5.56,1,5.56,1,5.56,0,0,0,0,0,0,0
,ANDRES GUARDADO,REAL BETIS,352,11,16.67,0,16.67,3,16.67,3,16.67,2,0,0,0,0,0,4
,ANSU FATI,BRIGHTON,47,3,0.00,0,0.00,0,0.00,0,0.00,0,0,0,0,0,0,0
,ANTE BUDIMIR,CA OSASUNA,1315,18,55.56,5,55.56,15,55.56,10,55.56,4,0,0,8,2,0,24
,ANTHONY LOZANO,GETAFE CF,88,6,0.00,0,0.00,0,0.00,0,0.00,1,0,0,0,0,0,4
,ANTOINE GRIEZMANN,ATLETICO DE MADRID,1472,18,38.89,11,38.89,18,38.89,7,38.89,3,0,0,11,0,0,17
,ANTONIO BLANCO,DEPORTIVO ALAVES,1105,16,33.33,7,33.33,13,33.33,6,33.33,0,1,0,0,0,0,16
,JOSE ANTONIO RODRIGUEZ DIAZ,GRANADA CF,601,17,22.22,1,22.22,5,22.22,4,22.22,0,1,0,0,0,0,18
,ANTONIO RAILLO,RCD MALLORCA,623,8,11.11,5,11.11,7,11.11,2,11.11,1,0,0,2,0,0,5
,ANTONIO RUDIGER,REAL MADRID,1480,17,0.00,16,0.00,16,0.00,0,0.00,7,0,0,0,0,0,10
,ANTONIO SIVERA,DEPORTIVO ALAVES,1620,18,0.00,18,0.00,18,0.00,0,0.00,1,0,0,0,0,0,24
,ANTONIO SANCHEZ,RCD MALLORCA,669,13,55.56,0,55.56,10,55.56,10,55.56,2,0,0,1,0,0,6
,ARIDANE HERNANDEZ,RAYO VALLECANO,791,9,5.56,8,5.56,9,5.56,1,5.56,3,0,0,0,0,0,13
,ARITZ ELUSTONDO,REAL SOCIEDAD,374,7,11.11,2,11.11,4,11.11,2,11.11,0,0,0,0,0,0,2
,ARNAU MARTINEZ,GIRONA FC,718,11,38.89,2,38.89,9,38.89,7,38.89,3,0,0,0,0,0,7
,ARNAU PUIGMAL,UD ALMERIA,240,10,16.67,0,16.67,3,16.67,3,16.67,3,0,0,0,0,0,4
,ARSEN ZAKHARYAN,REAL SOCIEDAD,412,11,27.78,-1,27.78,4,27.78,5,27.78,0,0,0,0,0,0,4
,ARTEM DOVBYK,GIRONA FC,1048,17,61.11,2,61.11,13,61.11,11,61.11,1,0,0,11,0,0,12
,ASIER VILLALIBRE,ATHLETIC CLUB,164,8,0.00,0,0.00,0,0.00,0,0.00,0,0,0,1,0,0,4
,ASSANE DIAO,REAL BETIS,740,11,38.89,2,38.89,9,38.89,7,38.89,2,0,0,2,0,0,5
,AURELIEN TCHOUAMENI,REAL MADRID,891,13,22.22,6,22.22,10,22.22,4,22.22,3,0,0,1,0,0,4
,AXEL WITSEL,ATLETICO DE MADRID,1460,17,5.56,15,5.56,16,5.56,1,5.56,2,0,0,1,0,0,16
,AYOZE PEREZ,REAL BETIS,1361,17,55.56,7,55.56,17,55.56,10,55.56,3,0,0,4,0,0,15
,AISSA MANDI,VILLARREAL CF,645,9,5.56,6,5.56,7,5.56,1,5.56,2,0,0,1,0,0,14
,TIAGO MANUEL DIAS CORREIA,RAYO VALLECANO,123,13,0.00,0,0.00,0,0.00,0,0.00,1,0,0,2,0,0,2
,BEN BRERETON,VILLARREAL CF,236,13,11.11,0,11.11,2,11.11,2,11.11,2,0,0,0,0,0,3
,BENITO RAMIREZ,UD LAS PALMAS,117,8,0.00,0,0.00,0,0.00,0,0.00,0,0,0,1,0,0,3
,BERNARDO ESPINOSA,GIRONA FC,2,2,0.00,0,0.00,0,0.00,0,0.00,0,0,0,0,0,0,0
,BENAT PRADOS,ATHLETIC CLUB,385,11,16.67,0,16.67,3,16.67,3,16.67,0,0,0,0,0,0,4
,BENAT TURRIENTES,REAL SOCIEDAD,580,12,33.33,0,33.33,6,33.33,6,33.33,1,0,0,0,0,0,7
,BORJA IGLESIAS,REAL BETIS,301,9,11.11,1,11.11,3,11.11,2,11.11,2,0,0,0,0,0,2
,BORJA MAYORAL,GETAFE CF,1433,18,61.11,6,61.11,17,61.11,11,61.11,2,0,0,12,1,0,17
,BOUBAKARY SOUMARE,SEVILLA FC,792,11,11.11,7,11.11,9,11.11,2,11.11,4,0,0,0,0,0,13
,BRAHIM DIAZ,REAL MADRID,509,13,33.33,0,33.33,6,33.33,6,33.33,0,0,0,3,0,0,2
,BRAIS MENDEZ,REAL SOCIEDAD,1296,16,16.67,12,16.67,15,16.67,3,16.67,5,0,0,2,1,0,17
,BRIAN OCAMPO,CADIZ CF,53,4,0.00,0,0.00,0,0.00,0,0.00,1,0,0,0,0,0,0
,BRYAN ZARAGOZA,GRANADA CF,1290,17,22.22,10,22.22,14,22.22,4,22.22,5,0,0,5,1,0,33
,CARL STARFELT,RC CELTA,1359,16,11.11,14,11.11,16,11.11,2,11.11,2,0,0,1,0,0,25
,CARLES ALENA,GETAFE CF,583,14,38.89,0,38.89,7,38.89,7,38.89,4,0,0,1,0,0,12
,CARLES PEREZ,RC CELTA,273,6,11.11,0,11.11,2,11.11,2,11.11,1,0,0,0,0,0,5
,CARLOS BENAVIDEZ,DEPORTIVO ALAVES,369,12,16.67,0,16.67,3,16.67,3,16.67,1,0,0,0,0,0,6
,CARLOS DOMINGUEZ,RC CELTA,402,5,11.11,2,11.11,4,11.11,2,11.11,1,0,0,0,0,0,7
,CARLOS DOTOR,RC CELTA,505,13,11.11,3,11.11,5,11.11,2,11.11,2,0,0,0,0,0,10
,CARLOS FERNANDEZ,REAL SOCIEDAD,406,10,22.22,1,22.22,5,22.22,4,22.22,2,0,0,2,0,0,3
,CARLOS NEVA,GRANADA CF,1536,18,33.33,12,33.33,18,33.33,6,33.33,2,0,0,0,0,0,37
,CARLOS ROMERO,VILLARREAL B,237,6,11.11,0,11.11,2,11.11,2,11.11,1,0,0,0,0,0,8
,CENK OZKACAR,VALENCIA CF,587,8,11.11,5,11.11,7,11.11,2,11.11,2,0,0,0,0,1,9
,CHADI RIAD,REAL BETIS,1104,13,5.56,11,5.56,12,5.56,1,5.56,0,0,0,0,0,0,12
,EZEQUIEL AVILA,CA OSASUNA,851,16,38.89,2,38.89,9,38.89,7,38.89,3,2,0,1,0,0,12
,CHRIS RAMOS,CADIZ CF,1341,18,55.56,6,55.56,16,55.56,10,55.56,1,0,0,5,1,0,18
,JUAN BRANDARIZ MOVILLA,UD ALMERIA,1264,16,5.56,13,5.56,14,5.56,1,5.56,2,0,0,0,0,0,32
,CLAUDIO BRAVO,REAL BETIS,630,7,0.00,7,0.00,7,0.00,0,0.00,0,0,0,0,0,0,5
,CONAN LEDESMA,CADIZ CF,1339,15,5.56,14,5.56,15,5.56,1,5.56,0,0,0,0,0,0,22
,JOSE MANUEL ARIAS COPETE,RCD MALLORCA,547,8,22.22,3,22.22,7,22.22,4,22.22,3,0,0,0,0,0,11
,CRISTHIAN MOSQUERA,VALENCIA CF,1274,16,5.56,12,5.56,13,5.56,1,5.56,1,0,0,0,0,0,18
,CRISTHIAN STUANI,GIRONA FC,566,17,27.78,0,27.78,5,27.78,5,27.78,5,0,0,6,0,0,9
,CRISTIAN HERRERA,UD LAS PALMAS,122,6,0.00,1,0.00,1,0.00,0,0.00,1,0,0,1,0,0,4
,CYLE LARIN,RCD MALLORCA,780,17,33.33,1,33.33,7,33.33,6,33.33,2,0,0,1,0,0,8
,CESAR AZPILICUETA,ATLETICO DE MADRID,948,15,22.22,5,22.22,9,22.22,4,22.22,3,0,0,0,0,0,12
,CESAR MONTES,UD ALMERIA,784,9,5.56,8,5.56,9,5.56,1,5.56,2,0,0,0,0,0,20
,CESAR TARREGA,VALENCIA CF,7,1,0.00,0,0.00,0,0.00,0,0.00,0,0,0,0,0,0,0
,DALEY BLIND,GIRONA FC,1531,18,5.56,16,5.56,17,5.56,1,5.56,3,0,0,0,0,0,20
,DALEY SINKGRAVEN,UD LAS PALMAS,222,5,16.67,1,16.67,4,16.67,3,16.67,0,0,0,0,0,0,2
,DAMIAN SUAREZ,GETAFE CF,1146,14,27.78,8,27.78,13,27.78,5,27.78,6,0,0,0,0,0,18
,DANI CARVAJAL,REAL MADRID,1090,13,27.78,8,27.78,13,27.78,5,27.78,1,0,0,2,0,0,5
,DANI CEBALLOS,REAL MADRID,140,8,0.00,0,0.00,0,0.00,0,0.00,1,0,0,0,0,0,0
,DANIEL GARCIA CARRILLO,ATHLETIC CLUB,399,10,16.67,1,16.67,4,16.67,3,16.67,3,0,0,1,0,0,7
,DANI PAREJO,VILLARREAL CF,1487,17,33.33,11,33.33,17,33.33,6,33.33,2,0,0,2,0,0,32
,DANI RODRIGUEZ,RCD MALLORCA,1360,17,61.11,5,61.11,16,61.11,11,61.11,5,0,0,2,0,0,20
,DANI VIVIAN,ATHLETIC CLUB,1599,18,11.11,16,11.11,18,11.11,2,11.11,3,0,0,0,0,0,19
,DARWIN MACHIS,CADIZ CF,677,14,38.89,2,38.89,9,38.89,7,38.89,0,1,0,3,0,0,11
,DAVID ALABA,REAL MADRID,1156,14,11.11,12,11.11,14,11.11,2,11.11,2,0,0,0,0,1,10
,DAVID GARCIA,CA OSASUNA,1530,17,0.00,17,0.00,17,0.00,0,0.00,2,0,0,0,0,0,27
,DAVID GIL,CADIZ CF,281,4,0.00,3,0.00,3,0.00,0,0.00,1,0,0,0,0,0,2
,DAVID LOPEZ,GIRONA FC,1193,15,27.78,10,27.78,15,27.78,5,27.78,3,0,0,2,0,0,15
,DAVID SORIA,GETAFE CF,1620,18,0.00,18,0.00,18,0.00,0,0.00,2,0,0,0,0,0,23
,DENIS SUAREZ,VILLARREAL CF,131,4,0.00,1,0.00,1,0.00,0,0.00,0,0,0,0,0,0,5
,DIEGO LOPEZ,VALENCIA CF,1335,18,77.78,2,77.78,16,77.78,14,77.78,1,0,0,2,0,0,16
,DIEGO MARINO,UD ALMERIA,90,1,0.00,1,0.00,1,0.00,0,0.00,0,0,0,0,0,0,2
,DIEGO MENDEZ,RAYO VALLECANO,4,1,0.00,0,0.00,0,0.00,0,0.00,0,0,0,0,0,0,0
,DIEGO RICO,GETAFE CF,1156,13,22.22,9,22.22,13,22.22,4,22.22,5,0,0,0,0,0,17
,DIMITRI FOULQUIER,VALENCIA CF,464,14,5.56,2,5.56,3,5.56,1,5.56,2,0,0,0,0,0,7
,DION LOPY,UD ALMERIA,1095,16,33.33,7,33.33,13,33.33,6,33.33,2,0,0,0,0,0,28
,DJENE DAKONAM,GETAFE CF,1066,15,22.22,9,22.22,13,22.22,4,22.22,6,1,1,0,0,0,13
,DJIBRIL SOW,SEVILLA FC,913,14,44.44,3,44.44,11,44.44,8,44.44,2,0,0,1,0,0,12
,DODI LUKEBAKIO,SEVILLA FC,743,12,33.33,3,33.33,9,33.33,6,33.33,0,0,0,2,0,0,9
,DOMINGOS DE SOUSA COUTINHO MENESES DUARTE,GETAFE CF,760,11,5.56,8,5.56,9,5.56,1,5.56,3,2,1,0,0,0,14
,EDGAR GONZALEZ,UD ALMERIA,1164,14,5.56,13,5.56,14,5.56,1,5.56,1,1,1,1,0,0,25
,EDUARDO CAMAVINGA,REAL MADRID,751,13,38.89,2,38.89,9,38.89,7,38.89,3,0,0,0,0,0,6
,ENZO LOIODICE,UD LAS PALMAS,1079,18,44.44,4,44.44,12,44.44,8,44.44,1,0,0,0,0,0,8
,ERIC CURBELO,UD LAS PALMAS,90,1,0.00,1,0.00,1,0.00,0,0.00,0,0,0,0,0,0,2
,ERIC GARCIA,GIRONA FC,1189,15,16.67,10,16.67,13,16.67,3,16.67,2,0,0,1,0,0,18
,FABRIZIO ANGILERI,GETAFE CF,77,5,5.56,0,5.56,1,5.56,1,5.56,2,1,0,0,0,0,3
,RAFAEL JIMENEZ JARQUE,CADIZ CF,1429,17,16.67,14,16.67,17,16.67,3,16.67,7,0,0,0,0,0,20
,FAMARA DIEDHIOU,GRANADA CF,82,8,0.00,0,0.00,0,0.00,0,0.00,1,0,0,0,1,0,3
,FEDE SAN EMETERIO,CADIZ CF,140,3,11.11,0,11.11,2,11.11,2,11.11,1,1,0,1,0,0,1
,FEDERICO GATTONI,SEVILLA FC,9,2,0.00,0,0.00,0,0.00,0,0.00,0,0,0,0,0,0,1
,FEDERICO VALVERDE,REAL MADRID,1478,18,33.33,11,33.33,17,33.33,6,33.33,1,0,0,1,0,0,8
,FERLAND MENDY,REAL MADRID,725,10,27.78,4,27.78,9,27.78,5,27.78,2,0,0,0,0,0,3
,FERMIN LOPEZ,FC BARCELONA,508,12,33.33,0,33.33,6,33.33,6,33.33,1,0,0,1,0,0,7
,FERNANDO FRANCISCO REGES,SEVILLA FC,459,8,22.22,1,22.22,5,22.22,4,22.22,0,0,0,0,0,0,10
,FERNANDO MARTINEZ,UD ALMERIA,180,2,0.00,2,0.00,2,0.00,0,0.00,0,0,0,0,0,0,7
,FERRAN TORRES,FC BARCELONA,725,17,27.78,2,27.78,7,27.78,5,27.78,2,0,0,3,1,0,10
,FILIP JORGENSEN,VILLARREAL CF,1620,18,0.00,18,0.00,18,0.00,0,0.00,1,0,0,0,0,0,35
,FLORIAN LEJEUNE,RAYO VALLECANO,1618,18,5.56,17,5.56,18,5.56,1,5.56,4,0,0,0,0,1,24
,FRAN BELTRAN,RC CELTA,1020,16,38.89,5,38.89,12,38.89,7,38.89,2,0,0,0,0,0,19
,FRAN GARCIA,REAL MADRID,680,13,27.78,3,27.78,8,27.78,5,27.78,1,0,0,0,0,0,8
,FRAN PEREZ,VALENCIA CF,1178,18,72.22,2,72.22,15,72.22,13,72.22,4,0,0,1,0,0,11
,FRANCISCO BARBOSA VIEITES,REAL BETIS,225,3,0.00,2,0.00,2,0.00,0,0.00,0,0,0,0,0,0,4
,FRANCIS COQUELIN,VILLARREAL CF,6,1,0.00,0,0.00,0,0.00,0,0.00,0,0,0,0,0,0,0
,FRANCO CERVI,RC CELTA,365,9,16.67,1,16.67,4,16.67,3,16.67,1,0,0,0,0,0,7
,FRENKIE DE JONG,FC BARCELONA,846,10,5.56,9,5.56,10,5.56,1,5.56,5,0,0,1,0,0,11
,GABRI VEIGA,,17,1,0.00,0,0.00,0,0.00,0,0.00,0,0,0,0,0,0,1
,GABRIEL ARMANDO DE ABREU,VALENCIA CF,1061,14,5.56,11,5.56,12,5.56,1,5.56,4,1,1,0,0,0,15
,GASTON ALVAREZ,GETAFE CF,1351,16,5.56,14,5.56,15,5.56,1,5.56,4,0,0,1,0,0,17
,PABLO MARTIN PAEZ GAVIRA,FC BARCELONA,943,12,5.56,9,5.56,10,5.56,1,5.56,5,0,0,1,0,0,11
,GERARD GUMBAU,GRANADA CF,1430,17,38.89,10,38.89,17,38.89,7,38.89,9,0,0,0,0,0,35
,GERARD MORENO,VILLARREAL CF,1125,15,55.56,4,55.56,14,55.56,10,55.56,0,0,0,8,0,0,25
,GERMAN PEZZELLA,REAL BETIS,1493,17,11.11,15,11.11,17,11.11,2,11.11,3,0,0,1,0,0,13
,GIORGI MAMARDASHVILI,VALENCIA CF,1620,18,0.00,18,0.00,18,0.00,0,0.00,1,0,0,0,0,0,22
,GIOVANNI GONZALEZ,RCD MALLORCA,1109,17,27.78,7,27.78,12,27.78,5,27.78,4,0,0,0,0,0,14
,GONZALO ESCALANTE,CADIZ CF,691,11,22.22,3,22.22,7,22.22,4,22.22,0,1,0,0,0,0,12
,GONZALO GARCIA,REAL MADRID,17,2,0.00,0,0.00,0,0.00,0,0.00,0,0,0,0,0,0,0
,GONZALO MELERO,UD ALMERIA,726,15,33.33,2,33.33,8,33.33,6,33.33,2,0,0,0,0,0,21
,GONZALO VILLAR,GRANADA CF,846,16,50.00,1,50.00,10,50.00,9,50.00,4,0,0,1,1,0,20
,GORKA GURUZETA,ATHLETIC CLUB,1250,18,77.78,3,77.78,17,77.78,14,77.78,2,0,0,8,1,0,11
,GORKA RIVERA,GETAFE CF,2,1,0.00,0,0.00,0,0.00,0,0.00,0,0,0,0,0,0,0
,GUIDO RODRIGUEZ,REAL BETIS,1076,14,27.78,8,27.78,13,27.78,5,27.78,5,0,0,1,0,0,10
,HAMARI TRAORE,REAL SOCIEDAD,1388,18,33.33,10,33.33,16,33.33,6,33.33,4,0,0,0,0,0,16
,HOUBOULANG MENDES,UD ALMERIA,396,7,11.11,2,11.11,4,11.11,2,11.11,0,0,0,0,0,0,11
,HUGO DURO,VALENCIA CF,1477,18,61.11,6,61.11,17,61.11,11,61.11,2,0,0,7,1,0,19
,HUGO GONZALEZ,VALENCIA CF,47,6,0.00,0,0.00,0,0.00,0,0.00,0,0,0,0,0,0,1
,HUGO GUILLAMON,VALENCIA CF,343,11,0.00,2,0.00,2,0.00,0,0.00,2,0,0,1,0,0,5
,HUGO SOTELO,RC CELTA,305,8,16.67,0,16.67,3,16.67,3,16.67,0,0,0,0,0,0,7
,HECTOR BELLERIN,REAL BETIS,939,12,11.11,10,11.11,12,11.11,2,11.11,0,1,0,0,0,1,10
,IAGO ASPAS,RC CELTA,1275,17,44.44,7,44.44,15,44.44,8,44.44,4,1,0,1,0,0,18
,IANIS HAGI,DEPORTIVO ALAVES,554,14,33.33,0,33.33,6,33.33,6,33.33,2,0,0,0,0,0,8
,IBRAHIMA KONE,UD ALMERIA,261,8,11.11,0,11.11,2,11.11,2,11.11,0,0,0,0,0,0,11
,IBRAHIMA KEBE,GIRONA FC,7,2,0.00,0,0.00,0,0.00,0,0.00,1,0,0,0,0,0,0
,IDDRISU BABA,UD ALMERIA,967,17,27.78,5,27.78,10,27.78,5,27.78,5,0,0,0,0,0,34
,IGNASI MIQUEL,GRANADA CF,1575,18,5.56,17,5.56,18,5.56,1,5.56,3,0,0,0,0,0,40
,IGOR ZUBELDIA,REAL SOCIEDAD,1411,17,16.67,13,16.67,16,16.67,3,16.67,6,0,0,0,0,0,16
,IKER MUNIAIN,ATHLETIC CLUB,317,11,16.67,0,16.67,3,16.67,3,16.67,1,0,0,0,0,0,9
,IKER MUNOZ,CA OSASUNA,619,11,11.11,4,11.11,6,11.11,2,11.11,2,0,0,1,0,0,10
,ILIAS AKHOMACH,VILLARREAL B,555,14,22.22,0,22.22,4,22.22,4,22.22,3,0,0,0,0,0,16
,ILKAY GUNDOGAN,FC BARCELONA,1477,18,16.67,13,16.67,16,16.67,3,16.67,2,0,0,2,0,0,20
,IMANOL GARCIA DE ALBENIZ,ATHLETIC CLUB,259,4,11.11,1,11.11,3,11.11,2,11.11,0,0,0,0,0,0,4
,FRANCISCO ROMAN ALARCON SUAREZ,REAL BETIS,1414,17,44.44,9,44.44,17,44.44,8,44.44,5,0,0,2,0,0,16
,ISI PALAZON,RAYO VALLECANO,1386,18,61.11,6,61.11,17,61.11,11,61.11,2,0,0,2,0,0,16
,IVAN RAKITIC,SEVILLA FC,1321,16,11.11,13,11.11,15,11.11,2,11.11,5,0,0,2,0,0,20
,IVAN ALEJO,CADIZ CF,1143,17,77.78,1,77.78,15,77.78,14,77.78,10,0,0,0,0,0,14
,IVAN BALLIU,RAYO VALLECANO,1342,15,5.56,14,5.56,15,5.56,1,5.56,1,0,0,0,0,0,21
,IVAN MARTIN,GIRONA FC,1302,17,66.67,4,66.67,16,66.67,12,66.67,3,0,0,3,0,0,15
,IVAN VILLAR,RC CELTA,835,10,0.00,10,0.00,10,0.00,0,0.00,0,1,0,0,0,0,15
,IZA CARCELEN,CADIZ CF,1408,17,11.11,14,11.11,16,11.11,2,11.11,1,0,0,0,0,0,19
,IGNACIO PENA SOTORRES,FC BARCELONA,450,5,0.00,5,0.00,5,0.00,0,0.00,0,0,0,0,0,0,8
,INAKI WILLIAMS,ATHLETIC CLUB,1569,18,44.44,10,44.44,18,44.44,8,44.44,3,0,0,8,0,0,17
,JAIME MATA,GETAFE CF,732,16,38.89,3,38.89,10,38.89,7,38.89,4,1,1,1,0,0,12
,JAN OBLAK,ATLETICO DE MADRID,1620,18,0.00,18,0.00,18,0.00,0,0.00,1,0,0,0,0,0,19
,JAUME COSTA,RCD MALLORCA,955,17,38.89,4,38.89,11,38.89,7,38.89,5,0,0,0,0,0,14
,JAVI GALAN,ATLETICO DE MADRID,84,5,0.00,0,0.00,0,0.00,0,0.00,1,0,0,0,0,0,1
,JAVI GUERRA,VALENCIA CF,1296,16,5.56,13,5.56,14,5.56,1,5.56,2,1,0,3,0,0,20
,JAVI HERNANDEZ,CADIZ CF,1401,17,11.11,14,11.11,16,11.11,2,11.11,4,0,0,0,0,0,23
,JAVI LLABRES,RCD MALLORCA,127,10,0.00,0,0.00,0,0.00,0,0.00,1,0,0,0,0,0,1
,JAVI LOPEZ,DEPORTIVO ALAVES,900,14,11.11,6,11.11,8,11.11,2,11.11,2,0,0,0,0,0,13
,JAVI MUNOZ,UD LAS PALMAS,1259,18,22.22,10,22.22,14,22.22,4,22.22,2,0,0,0,0,0,12
,JESUS ARESO,CA OSASUNA,1182,17,16.67,10,16.67,13,16.67,3,16.67,1,0,0,0,0,0,22
,JESUS CORONA,,16,2,0.00,0,0.00,0,0.00,0,0.00,0,0,0,0,0,0,0
,JESUS NAVAS,SEVILLA FC,806,12,16.67,6,16.67,9,16.67,3,16.67,3,1,0,0,0,0,13
,JESUS VALLEJO,GRANADA CF,96,2,0.00,1,0.00,1,0.00,0,0.00,1,0,0,0,0,0,4
,JESUS VAZQUEZ,VALENCIA CF,184,6,11.11,0,11.11,2,11.11,2,11.11,1,0,0,0,0,0,2
,JHON SOLIS,GIRONA FC,36,5,0.00,0,0.00,0,0.00,0,0.00,0,0,0,0,0,0,2
,JOAN JORDAN,SEVILLA FC,255,3,5.56,2,5.56,3,5.56,1,5.56,1,0,0,0,0,0,5
,JOHAN MOJICA,CA OSASUNA,724,11,22.22,4,22.22,8,22.22,4,22.22,0,0,0,0,0,0,14
,JON GURIDI,DEPORTIVO ALAVES,1295,17,50.00,7,50.00,16,50.00,9,50.00,1,0,0,0,0,0,18
,JON KARRIKABURU,DEPORTIVO ALAVES,14,2,0.00,0,0.00,0,0.00,0,0.00,0,0,0,0,0,0,1
,JON MAGUNAZELAIA,REAL SOCIEDAD,15,1,0.00,0,0.00,0,0.00,0,0.00,0,0,0,0,0,0,0
,JON MONCAYOLA,CA OSASUNA,746,16,33.33,2,33.33,8,33.33,6,33.33,1,0,0,0,0,0,16
,JON OLASAGASTI,REAL SOCIEDAD,35,4,0.00,0,0.00,0,0.00,0,0.00,2,0,0,0,0,0,1
,JON PACHECO,REAL SOCIEDAD,344,8,5.56,2,5.56,3,5.56,1,5.56,2,0,0,0,0,0,5
,JONATHAN BAMBA,RC CELTA,1415,18,55.56,7,55.56,17,55.56,10,55.56,0,0,0,2,0,0,22
,JONATHAN VIERA,UD LAS PALMAS,620,9,22.22,3,22.22,7,22.22,4,22.22,1,0,0,2,0,0,7
,JORGE CUENCA,VILLARREAL CF,891,12,0.00,9,0.00,9,0.00,0,0.00,1,0,0,1,0,0,20
,JORGE HERRANDO,CA OSASUNA,215,3,0.00,2,0.00,2,0.00,0,0.00,0,0,0,0,0,0,5
,JORGE MARTIN,GETAFE CF,92,2,5.56,0,5.56,1,5.56,1,5.56,0,0,0,0,0,0,0
,JORGE MERE,CADIZ CF,330,6,22.22,0,22.22,4,22.22,4,22.22,0,0,0,0,0,0,8
,JORGE PASCUAL,VILLARREAL B,13,1,0.00,0,0.00,0,0.00,0,0.00,0,0,0,0,0,0,0
,JORGE DE FRUTOS,RAYO VALLECANO,499,17,16.67,0,16.67,3,16.67,3,16.67,0,0,0,1,0,0,9
,JOSEBA ZALDUA,CADIZ CF,190,4,11.11,0,11.11,2,11.11,2,11.11,0,0,0,0,0,0,5
,JOSE LUIS SANMARTIN MATO,REAL MADRID,850,18,22.22,4,22.22,8,22.22,4,22.22,0,0,0,5,0,0,4
,JOSEPH AIDOO,RC CELTA,407,6,0.00,4,0.00,4,0.00,0,0.00,0,0,0,0,0,0,6
,JOSE ARNAIZ,CA OSASUNA,375,12,22.22,0,22.22,4,22.22,4,22.22,1,0,0,1,0,0,6
,JOSE CALLEJON,GRANADA CF,521,15,33.33,0,33.33,6,33.33,6,33.33,0,0,0,0,0,0,13
,JOSE GAYA,VALENCIA CF,942,12,27.78,7,27.78,12,27.78,5,27.78,1,0,0,1,0,0,13
,JOSE GIMENEZ,ATLETICO DE MADRID,561,12,11.11,3,11.11,5,11.11,2,11.11,4,0,0,0,0,0,7
,JOSE LUIS MORALES,VILLARREAL CF,655,13,33.33,0,33.33,6,33.33,6,33.33,0,0,0,5,0,0,15
,JOSE MARI MARTIN,CADIZ CF,12,3,0.00,0,0.00,0,0.00,0,0.00,1,0,0,0,0,0,1
,JOSE POZO,RAYO VALLECANO,8,1,0.00,0,0.00,0,0.00,0,0.00,0,0,0,0,0,0,0
,JOSE ANGEL CARMONA,GETAFE CF,484,12,27.78,2,27.78,7,27.78,5,27.78,4,0,0,1,0,0,9
,JOAO PEDRO CAVACO CANCELO,FC BARCELONA,1256,15,11.11,12,11.11,14,11.11,2,11.11,4,0,0,2,0,0,17
,JOAO FELIX SEQUEIRA,FC BARCELONA,989,15,55.56,3,55.56,13,55.56,10,55.56,3,0,0,3,0,0,12
,JUAN CRUZ ALVARO ARMADA,CA OSASUNA,997,12,5.56,10,5.56,11,5.56,1,5.56,2,0,0,0,0,0,17
,JUAN CRUZ,REAL BETIS,65,4,0.00,0,0.00,0,0.00,0,0.00,0,0,0,0,0,0,1
,JUAN FOYTH,VILLARREAL CF,1062,12,5.56,11,5.56,12,5.56,1,5.56,1,0,0,1,0,0,20
,JUAN IGLESIAS,GETAFE CF,797,14,27.78,3,27.78,8,27.78,5,27.78,1,0,0,0,0,0,8
,JUAN MIRANDA,REAL BETIS,830,11,22.22,6,22.22,10,22.22,4,22.22,3,0,0,0,0,0,10
,JUANLU SANCHEZ,SEVILLA FC,812,12,16.67,6,16.67,9,16.67,3,16.67,2,0,0,0,0,0,12
,JUANMI LATASA,GETAFE CF,993,18,38.89,3,38.89,10,38.89,7,38.89,3,0,0,2,1,0,14
,JUAN PEDRO RAMIREZ LOPEZ,GIRONA FC,185,7,0.00,0,0.00,0,0.00,0,0.00,2,0,0,0,0,0,3
,JUDE BELLINGHAM,REAL MADRID,1373,16,27.78,11,27.78,16,27.78,5,27.78,4,0,0,13,0,0,10
,JULES KOUNDE,FC BARCELONA,1161,15,11.11,11,11.11,13,11.11,2,11.11,0,0,0,1,0,0,15
,JULIAN ARAUJO,UD LAS PALMAS,995,16,11.11,8,11.11,10,11.11,2,11.11,4,0,0,1,0,0,9
,JORGEN STRAND LARSEN,RC CELTA,1422,18,77.78,4,77.78,18,77.78,14,77.78,2,0,0,7,0,0,18
,KAIKY FERNANDES MELO,UD ALMERIA,424,6,0.00,4,0.00,4,0.00,0,0.00,1,0,0,1,0,0,16
,KEPA ARRIZABALAGA REVUELTA,REAL MADRID,990,11,0.00,11,0.00,11,0.00,0,0.00,1,0,0,0,0,0,7
,KEVIN VAZQUEZ,RC CELTA,626,9,33.33,3,33.33,9,33.33,6,33.33,3,0,0,0,0,0,9
,KIERAN TIERNEY,REAL SOCIEDAD,572,8,33.33,2,33.33,8,33.33,6,33.33,1,0,0,0,0,0,4
,KIKE BARJA,CA OSASUNA,243,11,11.11,0,11.11,2,11.11,2,11.11,2,0,0,0,0,0,7
,KIKE GARCIA,DEPORTIVO ALAVES,737,18,38.89,1,38.89,8,38.89,7,38.89,1,0,0,2,1,0,9
,KIKE PEREZ,RAYO VALLECANO,501,14,27.78,0,27.78,5,27.78,5,27.78,4,0,0,1,0,0,7
,KIKE SALAS,SEVILLA FC,418,8,11.11,3,11.11,5,11.11,2,11.11,3,0,0,2,0,0,8
,KIKO FEMENIA,VILLARREAL CF,197,6,5.56,0,5.56,1,5.56,1,5.56,3,0,0,0,0,0,1
,KIRIAN RODRIGUEZ,UD LAS PALMAS,1420,17,33.33,10,33.33,16,33.33,6,33.33,5,0,0,3,0,0,12
,JORGE RESURRECCION MERODIO,ATLETICO DE MADRID,1088,15,38.89,8,38.89,15,38.89,7,38.89,4,0,0,0,0,0,14
,LAMINE YAMAL,FC BARCELONA,780,18,33.33,1,33.33,7,33.33,6,33.33,1,0,0,1,0,0,11
,LARGIE RAMAZANI,UD ALMERIA,1010,18,44.44,2,44.44,10,44.44,8,44.44,4,0,0,2,1,0,24
,LOIC BADE,SEVILLA FC,887,11,5.56,9,5.56,10,5.56,1,5.56,1,1,0,0,0,0,12
,LUCA DE LA TORRE,RC CELTA,1112,16,33.33,7,33.33,13,33.33,6,33.33,1,1,1,0,0,0,16
,LUCAS BOYE,GRANADA CF,1149,14,44.44,6,44.44,14,44.44,8,44.44,3,1,0,3,0,0,28
,LUCAS OCAMPOS,SEVILLA FC,1373,17,38.89,9,38.89,16,38.89,7,38.89,4,0,0,2,0,0,21
,LUCAS PIRES SILVA,CADIZ CF,667,12,0.00,6,0.00,6,0.00,0,0.00,3,0,0,1,0,0,11
,LUCAS ROBERTONE,UD ALMERIA,967,14,61.11,2,61.11,13,61.11,11,61.11,5,0,0,0,0,0,19
,LUCAS TORRO,CA OSASUNA,1025,14,44.44,5,44.44,13,44.44,8,44.44,3,0,0,0,0,0,17
,LUCAS VAZQUEZ,REAL MADRID,478,14,11.11,2,11.11,4,11.11,2,11.11,0,0,0,1,0,0,6
,LUIS HERNANDEZ,CADIZ CF,542,7,0.00,6,0.00,6,0.00,0,0.00,3,0,0,1,0,0,7
,LUIS MILLA,GETAFE CF,562,8,16.67,3,16.67,6,16.67,3,16.67,4,0,0,0,0,0,7
,LUIS RIOJA,DEPORTIVO ALAVES,1419,18,72.22,4,72.22,17,72.22,13,72.22,3,0,0,1,1,0,20
,LUIS SUAREZ,UD ALMERIA,693,8,27.78,3,27.78,8,27.78,5,27.78,1,0,0,4,0,0,19
,LUIZ FELIPE RAMOS MARCHI,,360,4,0.00,4,0.00,4,0.00,0,0.00,1,0,0,0,0,0,5
,LUIZ HENRIQUE ANDRE ROSA DA SILVA,REAL BETIS,315,10,16.67,0,16.67,3,16.67,3,16.67,1,0,0,0,0,0,5
,LUKA MODRIC,REAL MADRID,718,15,38.89,1,38.89,8,38.89,7,38.89,1,0,0,1,0,0,7
,LUIS MANUEL ARANTES MAXIMIANO,UD ALMERIA,1350,15,0.00,15,0.00,15,0.00,0,0.00,1,0,0,0,0,0,33
,LAZARO VINICIUS MARQUES,UD ALMERIA,227,11,11.11,0,11.11,2,11.11,2,11.11,0,0,0,0,0,0,8
,LEONARDO MICALI CARRILHO BAPTISTAO,UD ALMERIA,850,15,27.78,5,27.78,10,27.78,5,27.78,4,0,0,4,0,0,17
,MALCOM ABDULAI ARES DJALO,ATHLETIC CLUB,24,2,0.00,0,0.00,0,0.00,0,0.00,1,0,0,0,0,0,1
,MAMADOU SYLLA,REAL VALLADOLID CF,16,2,0.00,0,0.00,0,0.00,0,0.00,0,0,0,0,0,0,1
,MANU BUENO,SEVILLA FC,2,1,0.00,0,0.00,0,0.00,0,0.00,1,0,0,0,0,0,0
,MANU MORLANES,RCD MALLORCA,498,15,27.78,0,27.78,5,27.78,5,27.78,2,0,0,0,0,0,8
,MANU SANCHEZ,RC CELTA,988,14,11.11,8,11.11,10,11.11,2,11.11,2,0,0,0,0,0,17
,MANU TRIGUEROS,VILLARREAL CF,140,6,5.56,0,5.56,1,5.56,1,5.56,0,0,0,0,0,0,2
,MARC BARTRA,REAL BETIS,225,3,5.56,2,5.56,3,5.56,1,5.56,1,0,0,0,0,0,6
,MARC CARDONA,UD LAS PALMAS,381,10,27.78,0,27.78,5,27.78,5,27.78,1,0,0,2,1,0,2
,MARC GUIU,FC BARCELONA,11,1,0.00,0,0.00,0,0.00,0,0.00,1,0,0,1,0,0,0
,MARC PUBILL,UD ALMERIA,271,4,11.11,1,11.11,3,11.11,2,11.11,1,0,0,0,0,0,6
,MARC ROCA,REAL BETIS,1339,17,33.33,10,33.33,16,33.33,6,33.33,4,0,0,2,0,0,15
,MARC-ANDRE TER STEGEN,FC BARCELONA,1170,13,0.00,13,0.00,13,0.00,0,0.00,1,0,0,0,0,0,13
,MARCIANO SANCA TCHAMI,UD ALMERIA,37,6,0.00,0,0.00,0,0.00,0,0.00,0,0,0,0,0,0,3
,MARCOS ACUNA,SEVILLA FC,456,8,27.78,2,27.78,7,27.78,5,27.78,2,0,0,0,0,0,11
,MARCOS ALONSO,FC BARCELONA,160,4,5.56,1,5.56,2,5.56,1,5.56,0,0,0,0,0,0,4
,MARCOS LLORENTE,ATLETICO DE MADRID,1187,18,33.33,7,33.33,13,33.33,6,33.33,3,0,0,3,0,0,14
,MARCOS DO NASCIMENTO TEIXEIRA,SEVILLA FC,3,1,0.00,0,0.00,0,0.00,0,0.00,0,0,0,0,0,0,0
,MARKO MILOVANOVIC,UD ALMERIA,26,2,0.00,0,0.00,0,0.00,0,0.00,0,0,0,0,0,0,1
,MARIANO DIAZ,SEVILLA FC,169,4,11.11,0,11.11,2,11.11,2,11.11,0,0,0,0,0,0,4
,MARIO DOMINGUEZ,VALENCIA CF,23,3,0.00,0,0.00,0,0.00,0,0.00,0,0,0,0,0,0,1
,MARIO HERMOSO,ATLETICO DE MADRID,1402,16,11.11,14,11.11,16,11.11,2,11.11,5,0,0,0,1,0,17
,MARKO DMITROVIC,SEVILLA FC,900,10,0.00,10,0.00,10,0.00,0,0.00,1,0,0,0,0,1,15
,MARTIN VALJENT,RCD MALLORCA,1374,16,11.11,14,11.11,16,11.11,2,11.11,3,0,0,0,0,0,19
,MARTIN ZUBIMENDI,REAL SOCIEDAD,1517,18,0.00,16,0.00,16,0.00,0,0.00,3,0,0,3,0,0,16
,MARVIN OLAWALE AKINLABI PARK,UD LAS PALMAS,652,14,27.78,0,27.78,5,27.78,5,27.78,2,0,0,0,0,0,6
,MASON GREENWOOD,GETAFE CF,1020,14,33.33,5,33.33,11,33.33,6,33.33,2,0,0,3,0,0,13
,MATIJA NASTASIC,RCD MALLORCA,1087,13,0.00,12,0.00,12,0.00,0,0.00,4,0,0,1,0,0,16
,MATTEO GABBIA,VILLARREAL CF,478,7,16.67,3,16.67,6,16.67,3,16.67,2,0,0,0,0,0,10
,MAURO ARAMBARRI,GETAFE CF,337,7,11.11,1,11.11,3,11.11,2,11.11,2,0,0,0,0,0,6
,MAXIMILIANO GOMEZ,CADIZ CF,620,15,33.33,0,33.33,6,33.33,6,33.33,2,0,0,0,0,0,11
,MEMPHIS DEPAY,ATLETICO DE MADRID,272,9,16.67,0,16.67,3,16.67,3,16.67,0,0,0,2,0,0,3
,MIGUEL GUTIERREZ,GIRONA FC,1502,17,5.56,16,5.56,17,5.56,1,5.56,3,0,0,1,0,0,18
,MIGUEL RODRIGUEZ,RC CELTA,69,8,0.00,0,0.00,0,0.00,0,0.00,1,0,0,0,0,0,2
,MIGUEL RUBIO,GRANADA CF,559,7,5.56,5,5.56,6,5.56,1,5.56,1,0,0,1,0,0,14
,MIGUEL DE LA FUENTE,CD LEGANES,65,3,5.56,0,5.56,1,5.56,1,5.56,0,0,0,0,0,0,2
,MIHAILO RISTIC,RC CELTA,500,7,11.11,4,11.11,6,11.11,2,11.11,1,0,0,0,0,0,9
,MIKA MARMOL,UD LAS PALMAS,1400,16,5.56,15,5.56,16,5.56,1,5.56,2,1,1,0,0,0,12
,MIKEL JAUREGIZAR,ATHLETIC CLUB,9,2,0.00,0,0.00,0,0.00,0,0.00,0,0,0,0,0,0,0
,MIKEL MERINO,REAL SOCIEDAD,1164,15,33.33,7,33.33,13,33.33,6,33.33,4,0,0,1,0,0,9
,MIKEL OYARZABAL,REAL SOCIEDAD,1060,17,50.00,2,50.00,11,50.00,9,50.00,1,0,0,7,0,0,9
,MIKEL VESGA,ATHLETIC CLUB,888,13,22.22,6,22.22,10,22.22,4,22.22,1,0,0,2,0,0,12
,ADRIA MIQUEL BOSCH,GRANADA CF,25,1,0.00,0,0.00,0,0.00,0,0.00,0,0,0,0,0,1,2
,MILUTIN OSMAJIC,,4,1,0.00,0,0.00,0,0.00,0,0.00,0,0,0,0,0,0,1
,MOHAMED-ALI CHO,REAL SOCIEDAD,241,11,0.00,1,0.00,1,0.00,0,0.00,0,0,0,0,0,0,7
,MOI GOMEZ,CA OSASUNA,989,13,33.33,6,33.33,12,33.33,6,33.33,1,0,0,2,0,0,15
,MOMO MBAYE,CADIZ CF,286,4,0.00,2,0.00,2,0.00,0,0.00,2,0,0,0,0,0,5
,MOUCTAR DIAKHABY,VALENCIA CF,892,12,11.11,8,11.11,10,11.11,2,11.11,5,0,0,1,0,0,13
,MOUSSA DIAKITE,CADIZ CF,1,1,0.00,0,0.00,0,0.00,0,0.00,0,0,0,0,0,0,0
,MUNIR EL HADDADI,UD LAS PALMAS,1353,18,77.78,3,77.78,17,77.78,14,77.78,2,0,0,1,0,0,7
,MYRTO UZUNI,GRANADA CF,1313,18,33.33,9,33.33,15,33.33,6,33.33,1,0,0,5,0,0,31
,MAXIMO PERRONE,UD LAS PALMAS,656,15,33.33,1,33.33,7,33.33,6,33.33,3,0,0,0,0,0,6
,NABIL FEKIR,REAL BETIS,17,2,0.00,0,0.00,0,0.00,0,0.00,0,0,0,0,0,0,0
,JOSE IGNACIO FERNANDEZ IGLESIAS,REAL MADRID,584,12,0.00,5,0.00,5,0.00,0,0.00,1,2,0,0,0,0,2
,NACHO VIDAL,CA OSASUNA,82,6,0.00,0,0.00,0,0.00,0,0.00,0,0,0,1,0,0,2
,NAHUEL MOLINA,ATLETICO DE MADRID,872,15,44.44,3,44.44,11,44.44,8,44.44,1,0,0,2,0,0,11
,NAHUEL TENAGLIA,DEPORTIVO ALAVES,202,9,5.56,1,5.56,2,5.56,1,5.56,2,0,0,0,0,0,5
,NEMANJA GUDELJ,SEVILLA FC,1337,15,5.56,14,5.56,15,5.56,1,5.56,6,0,0,1,0,0,21
,NEMANJA MAKSIMOVIC,GETAFE CF,1606,18,11.11,16,11.11,18,11.11,2,11.11,2,0,0,1,0,0,23
,NICO PAZ,REAL MADRID,19,4,0.00,0,0.00,0,0.00,0,0.00,0,0,0,0,0,0,1
,NICHOLAS WILLIAMS ARTHUER,ATHLETIC CLUB,1164,15,61.11,4,61.11,15,61.11,11,61.11,2,0,0,3,3,0,13
,NJEGOS PETROVIC,GRANADA CF,149,10,0.00,0,0.00,0,0.00,0,0.00,0,0,0,0,0,0,3
,OIHAN SANCET,ATHLETIC CLUB,1198,16,55.56,5,55.56,15,55.56,10,55.56,0,2,1,3,0,0,8
,OMAR ALDERETE,GETAFE CF,618,12,11.11,5,11.11,7,11.11,2,11.11,3,1,0,0,0,0,7
,OMAR MASCARELL,RCD MALLORCA,621,11,27.78,3,27.78,8,27.78,5,27.78,4,0,0,0,0,0,8
,OMENUKE MFULU,UD LAS PALMAS,77,5,5.56,0,5.56,1,5.56,1,5.56,1,0,0,0,0,0,3
,ORIOL ROMEU,FC BARCELONA,658,14,50.00,0,50.00,9,50.00,9,50.00,3,0,0,0,0,0,10
,PABLO BARRIOS,ATLETICO DE MADRID,562,9,11.11,3,11.11,5,11.11,2,11.11,2,0,0,0,0,0,7
,PABLO GOZALBEZ,VALENCIA CF,99,5,5.56,0,5.56,1,5.56,1,5.56,0,0,0,0,0,0,2
,PABLO IBANEZ,CA OSASUNA,389,14,16.67,1,16.67,4,16.67,3,16.67,2,0,0,1,1,0,10
,PABLO MAFFEO,RCD MALLORCA,941,15,16.67,8,16.67,11,16.67,3,16.67,2,1,0,0,0,0,14
,PABLO TORRE,GIRONA FC,292,12,11.11,-1,11.11,1,11.11,2,11.11,0,0,0,0,0,0,3
,PATHE CISS,RAYO VALLECANO,975,17,27.78,5,27.78,10,27.78,5,27.78,4,0,0,1,0,0,17
,PAUL AKOUOKOU,LYON,26,2,0.00,0,0.00,0,0.00,0,0.00,0,0,0,0,0,0,1
,PAULO GAZZANIGA,GIRONA FC,1620,18,0.00,18,0.00,18,0.00,0,0.00,2,0,0,0,0,0,21
,PEDRO GONZALEZ LOPEZ,FC BARCELONA,617,8,27.78,2,27.78,7,27.78,5,27.78,2,0,0,1,0,0,5
,FRANCISCO JESUS CRESPO,UD LAS PALMAS,408,9,33.33,0,33.33,6,33.33,6,33.33,1,0,0,1,0,0,2
,PEP CHAVARRIA,RAYO VALLECANO,200,5,0.00,2,0.00,2,0.00,0,0.00,1,0,0,0,0,0,4
,JOSE LUIS GARCIA VAYA,VALENCIA CF,1595,18,16.67,15,16.67,18,16.67,3,16.67,2,0,0,2,0,0,21
,PERU NOLASKOAIN,ATHLETIC CLUB,8,2,0.00,0,0.00,0,0.00,0,0.00,0,0,0,0,0,0,0
,CRISTIAN PORTUGUES MANZANERA,GIRONA FC,403,17,5.56,0,5.56,1,5.56,1,5.56,1,0,0,2,0,0,7
,PREDRAG RAJKOVIC,RCD MALLORCA,1620,18,0.00,18,0.00,18,0.00,0,0.00,1,0,0,0,0,0,22
,RACHAD DHIMI,UD ALMERIA,16,1,0.00,0,0.00,0,0.00,0,0.00,0,0,0,0,0,0,0
,RADAMEL FALCAO,RAYO VALLECANO,143,10,0.00,0,0.00,0,0.00,0,0.00,2,0,0,1,0,0,1
,RAFA MARIN,DEPORTIVO ALAVES,996,15,0.00,11,0.00,11,0.00,0,0.00,2,0,0,0,0,1,15
,RAFA MIR,SEVILLA FC,238,12,11.11,0,11.11,2,11.11,2,11.11,1,0,0,1,0,0,1
,RAMON TERRATS,VILLARREAL CF,526,13,22.22,0,22.22,4,22.22,4,22.22,2,0,0,0,0,0,14
,RANDY NTEKA,RAYO VALLECANO,356,7,16.67,0,16.67,3,16.67,3,16.67,0,0,0,1,1,0,7
,RAPHAEL DIAS BELLOLI,FC BARCELONA,599,14,22.22,3,22.22,7,22.22,4,22.22,2,1,0,3,0,0,9
,RAUL ALBIOL,VILLARREAL CF,1262,16,22.22,11,22.22,15,22.22,4,22.22,3,0,0,0,0,0,27
,RAUL FERNANDEZ,GRANADA CF,281,4,5.56,3,5.56,4,5.56,1,5.56,0,0,0,0,0,0,11
,RAUL GARCIA,ATHLETIC CLUB,86,7,0.00,0,0.00,0,0.00,0,0.00,2,0,0,0,0,0,1
,RAUL GARCIA,CA OSASUNA,394,16,16.67,0,16.67,3,16.67,3,16.67,2,0,0,2,0,0,7
,RAUL TORRENTE,GRANADA CF,1033,13,5.56,10,5.56,11,5.56,1,5.56,3,0,0,0,0,1,21
,RAUL DE TOMAS,RAYO VALLECANO,805,14,50.00,1,50.00,10,50.00,9,50.00,3,0,0,0,0,0,9
,REINILDO ISNARD MANDAVA,ATLETICO DE MADRID,17,1,0.00,0,0.00,0,0.00,0,0.00,0,0,0,0,0,0,0
,RENATO TAPIA,RC CELTA,557,10,0.00,6,0.00,6,0.00,0,0.00,1,1,1,0,0,0,7
,RICARD SANCHEZ,GRANADA CF,1275,17,33.33,8,33.33,14,33.33,6,33.33,4,0,0,2,0,0,30
,RICARDO VISUS,REAL BETIS,30,1,0.00,0,0.00,0,0.00,0,0.00,0,0,0,0,0,0,0
,ROBERT LEWANDOWSKI,FC BARCELONA,1287,16,11.11,12,11.11,14,11.11,2,11.11,3,0,0,8,1,0,17
,ROBERT NAVARRO,CADIZ CF,341,8,22.22,1,22.22,5,22.22,4,22.22,0,1,0,0,0,0,6
,ROBIN LE NORMAND,REAL SOCIEDAD,1227,15,11.11,12,11.11,14,11.11,2,11.11,6,0,0,1,0,1,15
,RODRIGO SANCHEZ RODRIGUEZ,REAL BETIS,604,13,27.78,1,27.78,6,27.78,5,27.78,0,0,0,0,0,0,7
,RODRIGO DE PAUL,ATLETICO DE MADRID,927,15,50.00,2,50.00,11,50.00,9,50.00,3,0,0,0,0,0,7
,RODRIGO RIQUELME,ATLETICO DE MADRID,669,14,27.78,3,27.78,8,27.78,5,27.78,1,0,0,2,0,0,13
,RODRYGO SILVA DE GOES,REAL MADRID,1322,18,44.44,7,44.44,15,44.44,8,44.44,0,0,0,7,1,0,11
,ROGER MARTI,CADIZ CF,1053,16,66.67,2,66.67,14,66.67,12,66.67,2,0,0,2,0,0,11
,ROMAN YAREMCHUK,VALENCIA CF,250,12,16.67,0,16.67,3,16.67,3,16.67,0,0,0,0,0,0,6
,ROMINIGUE KOUAME,CADIZ CF,417,8,11.11,2,11.11,4,11.11,2,11.11,2,0,0,0,0,0,8
,RONALD ARAUJO,FC BARCELONA,931,12,0.00,9,0.00,9,0.00,0,0.00,3,0,0,1,0,0,13
,RUBEN ALCARAZ,CADIZ CF,1442,17,33.33,11,33.33,17,33.33,6,33.33,8,0,0,1,0,0,17
,RUBEN DUARTE,DEPORTIVO ALAVES,980,15,27.78,7,27.78,12,27.78,5,27.78,5,0,0,1,0,0,16
,RUBEN GARCIA,CA OSASUNA,639,14,38.89,1,38.89,8,38.89,7,38.89,0,0,0,2,0,0,14
,RUBEN PENA,CA OSASUNA,1089,14,50.00,4,50.00,13,50.00,9,50.00,2,0,0,0,0,0,18
,RUBEN SOBRINO,CADIZ CF,589,16,16.67,1,16.67,4,16.67,3,16.67,6,0,0,0,0,0,10
,RUI TIAGO DANTAS DA SILVA,REAL BETIS,765,9,5.56,8,5.56,9,5.56,1,5.56,1,0,0,0,0,0,9
,SALVI SANCHEZ,RCD ESPANYOL DE BARCELONA,27,1,0.00,0,0.00,0,0.00,0,0.00,0,0,0,0,0,0,0
,SAMU OMORODION,DEPORTIVO ALAVES,875,16,38.89,2,38.89,9,38.89,7,38.89,2,0,0,5,0,0,16
,SAMUEL DIAS LINO,ATLETICO DE MADRID,854,14,33.33,3,33.33,9,33.33,6,33.33,0,0,0,2,0,0,6
,SAMUEL DE ALMEIDA COSTA,RCD MALLORCA,1407,18,16.67,12,16.67,15,16.67,3,16.67,3,0,0,1,0,0,19
,SANDRO RAMIREZ,UD LAS PALMAS,489,7,11.11,3,11.11,5,11.11,2,11.11,0,0,0,0,1,0,4
,SANTI COMESANA,VILLARREAL CF,477,11,22.22,1,22.22,5,22.22,4,22.22,5,0,0,0,0,0,7
,SANTIAGO GARCIA,GETAFE CF,24,1,0.00,0,0.00,0,0.00,0,0.00,0,0,0,0,0,0,0
,SAUL COCO,UD LAS PALMAS,1116,15,5.56,11,5.56,12,5.56,1,5.56,2,0,0,1,0,0,11
,SAUL NIGUEZ,ATLETICO DE MADRID,806,18,22.22,4,22.22,8,22.22,4,22.22,2,0,0,0,0,0,10
,SELIM AMALLAH,VALENCIA CF,487,12,22.22,2,22.22,6,22.22,4,22.22,3,1,1,0,0,0,5
,SERGI ALTIMIRA,REAL BETIS,260,6,11.11,1,11.11,3,11.11,2,11.11,0,0,0,0,0,0,6
,SERGI CANOS,VALENCIA CF,428,11,27.78,-1,27.78,4,27.78,5,27.78,0,0,0,1,0,0,7
,SERGI CARDONA,UD LAS PALMAS,1374,17,5.56,13,5.56,14,5.56,1,5.56,6,0,0,0,0,0,13
,SERGI DARDER,RCD MALLORCA,1122,16,27.78,6,27.78,11,27.78,5,27.78,1,0,0,0,0,0,16
,SERGI GUARDIOLA,CADIZ CF,120,8,0.00,0,0.00,0,0.00,0,0.00,0,0,0,0,0,0,1
,SERGI ROBERTO,FC BARCELONA,279,5,5.56,2,5.56,3,5.56,1,5.56,0,0,0,3,0,0,5
,SERGIO AKIEME,UD ALMERIA,1350,15,0.00,15,0.00,15,0.00,0,0.00,1,0,0,2,0,0,30
,SERGIO ARRIBAS,UD ALMERIA,1206,18,44.44,4,44.44,12,44.44,8,44.44,0,0,0,5,0,0,28
,SERGIO CAMELLO,RAYO VALLECANO,644,14,38.89,0,38.89,7,38.89,7,38.89,2,0,0,0,0,0,15
,SERGIO HERRERA,CA OSASUNA,1340,15,5.56,14,5.56,15,5.56,1,5.56,2,0,0,0,0,0,23
,SERGIO RAMOS,SEVILLA FC,808,9,0.00,9,0.00,9,0.00,0,0.00,4,1,0,1,0,1,11
,SERGIO RUIZ,GRANADA CF,962,16,44.44,3,44.44,11,44.44,8,44.44,3,0,0,0,0,0,23
,SHON WEISSMAN,GRANADA CF,78,5,0.00,0,0.00,0,0.00,0,0.00,0,0,0,0,0,0,0
,SIEBE VAN DER HEYDEN,RCD MALLORCA,229,4,11.11,1,11.11,3,11.11,2,11.11,1,0,0,0,0,0,4
,SILVI CLUA,GIRONA FC,1,1,0.00,0,0.00,0,0.00,0,0.00,0,0,0,0,0,0,0
,SOKRATIS PAPASTATHOPOULOS,REAL BETIS,7,1,0.00,0,0.00,0,0.00,0,0.00,0,0,0,0,0,0,0
,SORY KABA,UD LAS PALMAS,584,12,27.78,2,27.78,7,27.78,5,27.78,2,0,0,1,0,0,7
,SRDJAN BABIC,,90,1,0.00,1,0.00,1,0.00,0,0.00,0,0,0,0,0,0,2
,STEFAN MITROVIC,GETAFE CF,687,10,22.22,5,22.22,9,22.22,4,22.22,3,0,0,1,0,0,11
,STEFAN SAVIC,ATLETICO DE MADRID,724,10,5.56,8,5.56,9,5.56,1,5.56,2,1,1,0,0,0,8
,STOLE DIMITRIEVSKI,RAYO VALLECANO,1620,18,0.00,18,0.00,18,0.00,0,0.00,1,0,0,0,0,0,24
,JESUS JOAQUIN FERNANDEZ SAENZ DE LA TORRE,SEVILLA FC,762,14,33.33,3,33.33,9,33.33,6,33.33,3,0,0,1,0,0,16
,SAVIO MOREIRA DE OLIVEIRA,GIRONA FC,1459,18,66.67,6,66.67,18,66.67,12,66.67,2,0,0,4,1,0,18
,TAKEFUSA KUBO,REAL SOCIEDAD,1328,17,38.89,8,38.89,15,38.89,7,38.89,2,0,0,6,0,0,13
,TANGUY NIANZOU,SEVILLA FC,89,2,5.56,0,5.56,1,5.56,1,5.56,0,0,0,0,0,0,0
,TASOS DOUVIKAS,RC CELTA,389,14,11.11,1,11.11,3,11.11,2,11.11,1,0,0,3,0,0,12
,THIERRY RENDALL CORREIA,VALENCIA CF,1380,17,38.89,10,38.89,17,38.89,7,38.89,2,1,0,0,0,0,18
,THOMAS LEMAR,ATLETICO DE MADRID,166,3,16.67,0,16.67,3,16.67,3,16.67,0,0,0,0,0,0,2
,TOMAS MENDES,DEPORTIVO ALAVES,5,1,0.00,0,0.00,0,0.00,0,0.00,0,0,0,0,0,0,0
,TONI KROOS,REAL MADRID,1143,18,27.78,7,27.78,12,27.78,5,27.78,2,0,0,1,0,0,10
,ANTONIO LATORRE GRUESO,RCD MALLORCA,611,12,33.33,0,33.33,6,33.33,6,33.33,1,0,0,0,1,0,7
,UMAR SADIQ,REAL SOCIEDAD,619,16,38.89,0,38.89,7,38.89,7,38.89,2,0,0,2,0,0,8
,UNAI GARCIA,CA OSASUNA,90,1,0.00,1,0.00,1,0.00,0,0.00,1,0,0,0,0,0,1
,UNAI GOMEZ,ATHLETIC CLUB,148,10,5.56,0,5.56,1,5.56,1,5.56,0,0,0,2,0,0,5
,UNAI LOPEZ,RAYO VALLECANO,950,16,66.67,1,66.67,13,66.67,12,66.67,4,0,0,1,0,0,15
,UNAI NUNEZ,RC CELTA,1619,18,5.56,17,5.56,18,5.56,1,5.56,4,0,0,1,1,0,28
,UNAI ROPERO,DEPORTIVO ALAVES,5,1,0.00,0,0.00,0,0.00,0,0.00,0,0,0,0,0,0,0
,UNAI SIMON,ATHLETIC CLUB,1620,18,0.00,18,0.00,18,0.00,0,0.00,2,0,0,0,0,0,19
,URKO GONZALEZ,REAL SOCIEDAD,103,2,11.11,0,11.11,2,11.11,2,11.11,1,0,0,0,0,0,2
,VALERY FERNANDEZ,GIRONA FC,235,14,0.00,0,0.00,0,0.00,0,0.00,0,0,0,1,0,0,5
,VEDAT MURIQI,RCD MALLORCA,1059,12,16.67,9,16.67,12,16.67,3,16.67,0,0,0,4,0,0,18
,VICENTE GUAITA,RC CELTA,782,9,0.00,8,0.00,8,0.00,0,0.00,2,0,0,0,0,0,13
,VICTOR CHUST,CADIZ CF,362,5,11.11,3,11.11,5,11.11,2,11.11,0,1,0,0,0,0,4
,VIKTOR TSYGANKOV,GIRONA FC,956,14,50.00,3,50.00,12,50.00,9,50.00,0,0,0,3,0,0,11
,VINICIUS JOSE PAIXAO DE OLIVEIRA JUNIOR,REAL MADRID,709,10,44.44,1,44.44,9,44.44,8,44.44,2,0,0,4,0,0,3
